date,return,asset,net_value
2018-01-03T00:00:00.000000+0800,0.0,10005885.092,1.0005885092
2018-01-04T00:00:00.000000+0800,-0.00043309092200805033,10001551.634,1.0001551633999999
2018-01-05T00:00:00.000000+0800,0.0002526175030093114,10004078.201,1.0004078201
2018-01-08T00:00:00.000000+0800,0.00004026198035522732,10004480.985,1.0004480985
2018-01-09T00:00:00.000000+0800,-0.00018374376469465492,10002642.724,1.0002642724
2018-01-10T00:00:00.000000+0800,-0.005876246870136659,9943864.726,0.9943864725999999
2018-01-11T00:00:00.000000+0800,0.015201233138738113,10095023.731999999,1.0095023732
2018-01-12T00:00:00.000000+0800,-0.004428177306636583,10050321.177,1.0050321177
2018-01-15T00:00:00.000000+0800,-0.02162662537565585,9832966.646,0.9832966646
2018-01-16T00:00:00.000000+0800,0.014936499561884142,9979836.748,0.9979836747999999
2018-01-17T00:00:00.000000+0800,0.011873695030506948,10098334.285999998,1.0098334285999997
2018-01-18T00:00:00.000000+0800,0.0018072423711801289,10116584.4236,1.01165844236
2018-01-19T00:00:00.000000+0800,-0.004897700935941884,10067036.418599999,1.0067036418599997
2018-01-22T00:00:00.000000+0800,0.004400629654835564,10111337.7176,1.01113377176
2018-01-23T00:00:00.000000+0800,0.002490697542043785,10136522.0016,1.01365220016
2018-01-24T00:00:00.000000+0800,0.008006462590145702,10217679.6858,1.0217679685799999
2018-01-25T00:00:00.000000+0800,-0.0031347609227281303,10185649.7028,1.01856497028
2018-01-26T00:00:00.000000+0800,-0.008967082872965215,10094314.137799999,1.0094314137799998
2018-01-29T00:00:00.000000+0800,-0.007747314867797894,10016110.307799999,1.00161103078
2018-01-30T00:00:00.000000+0800,0.004311708205366971,10059296.8528,1.00592968528
2018-01-31T00:00:00.000000+0800,-0.03407566910649318,9716519.581799999,0.9716519581799998
2018-02-01T00:00:00.000000+0800,-0.04218413645229002,9306636.59392,0.9306636593919999
2018-02-02T00:00:00.000000+0800,-0.015408793558533307,9163232.551919995,0.9163232551919994
2018-02-05T00:00:00.000000+0800,-0.0003418523956748576,9160100.078919996,0.9160100078919995
2018-02-06T00:00:00.000000+0800,0.0,9160100.078919996,0.9160100078919995
2018-02-07T00:00:00.000000+0800,0.0,9160100.078919996,0.9160100078919995
2018-02-08T00:00:00.000000+0800,0.0,9160100.078919996,0.9160100078919995
2018-02-09T00:00:00.000000+0800,-0.0010480234841638847,9150500.078919996,0.9150500078919995
2018-02-12T00:00:00.000000+0800,0.020817879827010444,9340994.089920001,0.9340994089920001
2018-02-13T00:00:00.000000+0800,-0.005987009997185266,9285069.464920001,0.928506946492
2018-02-14T00:00:00.000000+0800,-0.0005743504687980572,9279736.580920001,0.927973658092
2018-02-22T00:00:00.000000+0800,0.017897664071789166,9445822.18892,0.944582218892
2018-02-23T00:00:00.000000+0800,0.007834796645527664,9519828.284920001,0.9519828284920001
2018-02-26T00:00:00.000000+0800,0.026774196484589563,9774714.037920002,0.9774714037920001
2018-02-27T00:00:00.000000+0800,0.01039586785718627,9876330.673400002,0.9876330673400001
2018-02-28T00:00:00.000000+0800,-0.0011949495566997426,9864528.956440002,0.9864528956440002
2018-03-01T00:00:00.000000+0800,0.02434878562784215,10104718.257320002,1.0104718257320002
2018-03-02T00:00:00.000000+0800,0.0009791024378964508,10114611.811600002,1.01146118116
2018-03-05T00:00:00.000000+0800,0.01695897663648105,10286145.277,1.0286145277
2018-03-06T00:00:00.000000+0800,0.01577105766168163,10448368.667280002,1.0448368667280001
2018-03-07T00:00:00.000000+0800,-0.0050566753186509494,10395534.65932,1.039553465932
2018-03-08T00:00:00.000000+0800,0.026472579088876014,10670731.27276,1.067073127276
2018-03-09T00:00:00.000000+0800,0.022524449634821808,10911083.62188,1.091108362188
2018-03-12T00:00:00.000000+0800,0.012669603946833474,11049322.73,1.104932273
2018-03-13T00:00:00.000000+0800,-0.00017405538846082536,11047399.535840001,1.1047399535840001
2018-03-14T00:00:00.000000+0800,-0.004617439772546472,10996388.833840001,1.099638883384
2018-03-15T00:00:00.000000+0800,-0.019316048951119713,10783982.048840001,1.0783982048840002
2018-03-16T00:00:00.000000+0800,0.002061842386170465,10806216.92012,1.080621692012
2018-03-19T00:00:00.000000+0800,0.015556922116471084,10974328.39512,1.097432839512
2018-03-20T00:00:00.000000+0800,0.026128520186028625,11261071.356120002,1.126107135612
2018-03-21T00:00:00.000000+0800,0.005526652485527084,11323307.38412,1.132330738412
2018-03-22T00:00:00.000000+0800,0.007725153882396363,11410781.676120002,1.141078167612
2018-03-23T00:00:00.000000+0800,-0.05813668511319481,10747396.65492,1.074739665492
2018-03-26T00:00:00.000000+0800,0.023349119796850726,10998338.90692,1.099833890692
2018-03-27T00:00:00.000000+0800,0.03146753407846403,11344429.511280002,1.134442951128
2018-03-28T00:00:00.000000+0800,0.015051590445356311,11515181.218120001,1.151518121812
2018-03-29T00:00:00.000000+0800,0.017607678906602642,11717936.83156,1.171793683156
2018-03-30T00:00:00.000000+0800,0.022791145379851496,11985002.033440001,1.198500203344
2018-04-02T00:00:00.000000+0800,0.004438728618615828,12038200.204960002,1.2038200204960001
2018-04-03T00:00:00.000000+0800,0.019541156597734144,12273440.560320001,1.2273440560320001
2018-04-04T00:00:00.000000+0800,0.01080879446867522,12406101.656760002,1.240610165676
2018-04-09T00:00:00.000000+0800,0.014749117344230012,12589080.705880001,1.258908070588
2018-04-10T00:00:00.000000+0800,-0.006180604085225916,12511272.58224,1.251127258224
2018-04-11T00:00:00.000000+0800,0.01691394685944192,12722887.581840001,1.2722887581840001
2018-04-12T00:00:00.000000+0800,0.0030448149880137887,12761626.420640001,1.276162642064
2018-04-13T00:00:00.000000+0800,-0.0035437508127378337,12716402.39664,1.271640239664
2018-04-16T00:00:00.000000+0800,-0.016941960648942933,12500961.607640002,1.2500961607640002
2018-04-17T00:00:00.000000+0800,-0.02970178767472409,12129660.700240001,1.2129660700240001
2018-04-18T00:00:00.000000+0800,0.01593899003260435,12322995.24124,1.232299524124
2018-04-19T00:00:00.000000+0800,0.005081796574133657,12385618.19624,1.238561819624
2018-04-20T00:00:00.000000+0800,-0.019492068776453153,12144196.87452,1.214419687452
2018-04-23T00:00:00.000000+0800,-0.004722490551872571,12086846.01952,1.208684601952
2018-04-24T00:00:00.000000+0800,0.03467155354864393,12505915.74852,1.250591574852
2018-04-25T00:00:00.000000+0800,0.013744835562349067,12677807.50404,1.267780750404
2018-04-26T00:00:00.000000+0800,-0.027183874518537654,12333175.57568,1.233317557568
2018-04-27T00:00:00.000000+0800,-0.0012785881189509851,12317406.52392,1.2317406523919998
2018-05-02T00:00:00.000000+0800,-0.016545843598181342,12113604.642040001,1.2113604642040001
2018-05-03T00:00:00.000000+0800,0.017061873130869598,12320285.4276,1.23202854276
2018-05-04T00:00:00.000000+0800,0.005623771164001035,12389571.89352,1.238957189352
2018-05-07T00:00:00.000000+0800,0.021833828859049165,12660083.68588,1.266008368588
2018-05-08T00:00:00.000000+0800,0.01893343473144804,12899782.55404128,1.289978255404128
2018-05-09T00:00:00.000000+0800,0.012987403853370827,13067317.23969128,1.3067317239691278
2018-05-10T00:00:00.000000+0800,0.015259575140972759,13266718.949001279,1.3266718949001277
2018-05-11T00:00:00.000000+0800,-0.01891583300751931,13015767.908804279,1.3015767908804279
2018-05-14T00:00:00.000000+0800,-0.007021391782685349,12924379.10296406,1.292437910296406
2018-05-15T00:00:00.000000+0800,0.02339377431374312,13226729.110844059,1.3226729110844058
2018-05-16T00:00:00.000000+0800,-0.0020953852759618696,13199014.01741606,1.319901401741606
2018-05-17T00:00:00.000000+0800,0.022867202491848593,13500838.54364506,1.350083854364506
2018-05-18T00:00:00.000000+0800,0.01718784867239931,13732888.913483728,1.3732888913483727
2018-05-21T00:00:00.000000+0800,0.01807827213079949,13981155.816403726,1.3981155816403725
2018-05-22T00:00:00.000000+0800,0.019758166668587762,14257397.823243726,1.4257397823243725
2018-05-23T00:00:00.000000+0800,-0.005497159242637162,14179022.637023726,1.4179022637023726
2018-05-24T00:00:00.000000+0800,0.008796833250855451,14303753.134821728,1.4303753134821726
2018-05-25T00:00:00.000000+0800,-0.0062947129069788055,14213715.115345728,1.4213715115345726
2018-05-28T00:00:00.000000+0800,-0.01724915615111078,13968540.523833726,1.3968540523833726
2018-05-29T00:00:00.000000+0800,-0.008388400597046708,13851366.810163727,1.3851366810163726
2018-05-30T00:00:00.000000+0800,-0.06489118983810116,12952535.13696822,1.295253513696822
2018-05-31T00:00:00.000000+0800,0.020435681952589713,13217229.025507044,1.3217229025507042
2018-06-01T00:00:00.000000+0800,-0.0055724610228713445,13143576.531932043,1.3143576531932042
2018-06-04T00:00:00.000000+0800,0.0004560477238015892,13149570.630092043,1.3149570630092042
2018-06-05T00:00:00.000000+0800,0.018687249987231036,13395299.943681326,1.3395299943681325
2018-06-06T00:00:00.000000+0800,0.007172019864883916,13491371.300973488,1.3491371300973487
2018-06-07T00:00:00.000000+0800,-0.016766040463680243,13265174.423830831,1.326517442383083
2018-06-08T00:00:00.000000+0800,-0.005291541146886347,13194981.207546506,1.3194981207546506
2018-06-11T00:00:00.000000+0800,0.0007017018310495615,13204240.150020506,1.3204240150020505
2018-06-12T00:00:00.000000+0800,0.004823628671787095,13267932.501397306,1.3267932501397306
2018-06-13T00:00:00.000000+0800,-0.019081933721424527,13014754.692785308,1.3014754692785306
2018-06-14T00:00:00.000000+0800,0.0009213717795106824,13026746.120476495,1.3026746120476496
2018-06-15T00:00:00.000000+0800,-0.031234626022336176,12619860.577115493,1.2619860577115491
2018-06-19T00:00:00.000000+0800,-0.0730653104499277,11697786.546213746,1.1697786546213746
2018-06-20T00:00:00.000000+0800,0.013313911464509998,11853529.840620771,1.1853529840620771
2018-06-21T00:00:00.000000+0800,0.001821698211348588,11875123.394729597,1.1875123394729596
2018-06-22T00:00:00.000000+0800,0.0,11875123.394729597,1.1875123394729596
2018-06-25T00:00:00.000000+0800,0.0,11875123.394729597,1.1875123394729596
2018-06-26T00:00:00.000000+0800,0.029112481151432057,12220837.700729594,1.2220837700729592
2018-06-27T00:00:00.000000+0800,-0.0026432663775635135,12188534.771329595,1.2188534771329593
2018-06-28T00:00:00.000000+0800,-0.0032256389426300602,12149218.958917594,1.2149218958917594
2018-06-29T00:00:00.000000+0800,0.026012067485542634,12465245.262373593,1.2465245262373592
2018-07-02T00:00:00.000000+0800,-0.013872388100855448,12292322.542321596,1.2292322542321596
2018-07-03T00:00:00.000000+0800,0.023503899566357456,12581240.056793595,1.2581240056793594
2018-07-04T00:00:00.000000+0800,-0.021862431674714133,12306183.555668768,1.2306183555668766
2018-07-05T00:00:00.000000+0800,-0.021542832769783082,12041073.501294741,1.2041073501294741
2018-07-06T00:00:00.000000+0800,0.016381410000737118,12238323.263168462,1.223832326316846
2018-07-09T00:00:00.000000+0800,0.018348866910384842,12462882.627930608,1.2462882627930607
2018-07-10T00:00:00.000000+0800,0.008451950191887825,12568218.291149221,1.256821829114922
2018-07-11T00:00:00.000000+0800,-0.022610805723007332,12284040.7490837,1.22840407490837
2018-07-12T00:00:00.000000+0800,0.026335900903302845,12607552.0289437,1.26075520289437
2018-07-13T00:00:00.000000+0800,0.00448887635558215,12664145.7711482,1.2664145771148199
2018-07-16T00:00:00.000000+0800,-0.002145608577398428,12636973.4713562,1.2636973471356199
2018-07-17T00:00:00.000000+0800,0.008429997983098403,12743503.1322322,1.27435031322322
2018-07-18T00:00:00.000000+0800,-0.0002945477203653013,12739749.562435133,1.2739749562435132
2018-07-19T00:00:00.000000+0800,-0.007981573044404833,12638066.320735132,1.263806632073513
2018-07-20T00:00:00.000000+0800,0.025559751969149502,12961092.161262784,1.2961092161262784
2018-07-23T00:00:00.000000+0800,0.014296978209430877,13146396.613462783,1.3146396613462783
2018-07-24T00:00:00.000000+0800,0.027837961808121703,13512365.500302782,1.351236550030278
2018-07-25T00:00:00.000000+0800,0.012496871905679052,13681227.801102784,1.3681227801102782
2018-07-26T00:00:00.000000+0800,0.003857251612735091,13733999.739102783,1.3733999739102782
2018-07-27T00:00:00.000000+0800,0.0011863619010863413,13750293.233142784,1.3750293233142783
2018-07-30T00:00:00.000000+0800,-0.02748754166849232,13372331.474942783,1.3372331474942782
2018-07-31T00:00:00.000000+0800,0.019342150580447415,13630981.123942783,1.3630981123942782
2018-08-01T00:00:00.000000+0800,-0.016342909771087988,13408211.229342783,1.3408211229342781
2018-08-02T00:00:00.000000+0800,-0.013610215871348919,13225722.580062782,1.3225722580062782
2018-08-03T00:00:00.000000+0800,-0.0027314833757708934,13189596.738702783,1.3189596738702782
2018-08-06T00:00:00.000000+0800,-0.02036128141901128,12921039.647702783,1.2921039647702783
2018-08-07T00:00:00.000000+0800,0.024165990678274296,13233289.371382782,1.3233289371382781
2018-08-08T00:00:00.000000+0800,-0.01846916017181144,12988881.630382784,1.2988881630382783
2018-08-09T00:00:00.000000+0800,0.025631415195997098,13321805.048382783,1.3321805048382782
2018-08-10T00:00:00.000000+0800,0.008290641140511701,13432251.353382783,1.3432251353382783
2018-08-13T00:00:00.000000+0800,0.00699130748892296,13526160.352862783,1.3526160352862782
2018-08-14T00:00:00.000000+0800,0.00794706170825843,13633653.583862783,1.3633653583862784
2018-08-15T00:00:00.000000+0800,-0.017919597156933254,13389344.003862783,1.3389344003862782
2018-08-16T00:00:00.000000+0800,-0.007458586393118916,13289478.424862783,1.3289478424862782
2018-08-17T00:00:00.000000+0800,-0.022637393666042782,12988639.270142782,1.298863927014278
2018-08-20T00:00:00.000000+0800,0.01166451871123031,13140145.495942783,1.314014549594278
2018-08-21T00:00:00.000000+0800,0.0016091760084795403,13161290.302822784,1.3161290302822783
2018-08-22T00:00:00.000000+0800,-0.01205090164799294,13002684.887822783,1.3002684887822782
2018-08-23T00:00:00.000000+0800,0.016543490380317882,13217794.680182783,1.3217794680182782
2018-08-24T00:00:00.000000+0800,0.0029866082077358858,13257271.054262783,1.3257271054262783
2018-08-27T00:00:00.000000+0800,0.022105930160171594,13550335.362302782,1.3550335362302781
2018-08-28T00:00:00.000000+0800,0.01110150539140875,13700764.483382782,1.3700764483382781
2018-08-29T00:00:00.000000+0800,-0.0019132932232936994,13674550.903542783,1.3674550903542781
2018-08-30T00:00:00.000000+0800,-0.017832680335909568,13430697.008542782,1.343069700854278
2018-08-31T00:00:00.000000+0800,0.00021776606218870675,13433621.758542782,1.3433621758542782
2018-09-03T00:00:00.000000+0800,0.006051888970917352,13514920.545902781,1.351492054590278
2018-09-04T00:00:00.000000+0800,0.022540348972480917,13819551.571342781,1.381955157134278
2018-09-05T00:00:00.000000+0800,-0.009032136198893315,13694731.499342782,1.3694731499342783
2018-09-06T00:00:00.000000+0800,0.006163993796012068,13779145.739342783,1.3779145739342782
2018-09-07T00:00:00.000000+0800,0.011219484496676424,13933740.651342783,1.3933740651342783
2018-09-10T00:00:00.000000+0800,-0.013891130883173619,13740185.236262783,1.3740185236262783
2018-09-11T00:00:00.000000+0800,0.004285676501986968,13799071.225262782,1.379907122526278
2018-09-12T00:00:00.000000+0800,0.006399628682133951,13887380.157262782,1.388738015726278
2018-09-13T00:00:00.000000+0800,0.0058073196014456485,13968028.612262782,1.3968028612262782
2018-09-14T00:00:00.000000+0800,-0.00966650618695486,13833006.577262782,1.383300657726278
2018-09-17T00:00:00.000000+0800,-0.023893001073480247,13502494.536262782,1.3502494536262781
2018-09-18T00:00:00.000000+0800,0.014056603429112302,13692293.747262783,1.3692293747262783
2018-09-19T00:00:00.000000+0800,0.014414940158544054,13889667.342262782,1.3889667342262781
2018-09-20T00:00:00.000000+0800,0.0029788922211335667,13931043.164262783,1.3931043164262782
2018-09-21T00:00:00.000000+0800,0.0076669547154943896,14037851.841342783,1.403785184134278
2018-09-25T00:00:00.000000+0800,-0.000543034937692477,14030228.797342783,1.4030228797342783
2018-09-26T00:00:00.000000+0800,-0.0002773785842136167,14026337.112342782,1.4026337112342782
2018-09-27T00:00:00.000000+0800,-0.01864219003904466,13764855.470342783,1.3764855470342783
2018-09-28T00:00:00.000000+0800,0.016553275978154813,13992708.921742782,1.3992708921742782
2018-10-08T00:00:00.000000+0800,-0.031194241546878,13556216.979742782,1.3556216979742781
2018-10-09T00:00:00.000000+0800,0.012381434529324276,13724062.392742783,1.3724062392742782
2018-10-10T00:00:00.000000+0800,0.0035259686684017133,13772453.006742783,1.3772453006742782
2018-10-11T00:00:00.000000+0800,-0.06123455898430785,12929102.920742784,1.2929102920742783
2018-10-12T00:00:00.000000+0800,-0.014245893944002996,12744916.291742783,1.2744916291742783
2018-10-15T00:00:00.000000+0800,0.0032057240757612515,12785772.976742784,1.2785772976742782
2018-10-16T00:00:00.000000+0800,0.001208374341395091,12801222.976742784,1.2801222976742783
2018-10-17T00:00:00.000000+0800,0.0,12801222.976742784,1.2801222976742783
2018-10-18T00:00:00.000000+0800,0.0,12801222.976742784,1.2801222976742783
2018-10-19T00:00:00.000000+0800,0.040763254647469216,13323042.488742784,1.3323042488742782
2018-10-22T00:00:00.000000+0800,0.05941524907308904,14114634.376622783,1.4114634376622783
2018-10-23T00:00:00.000000+0800,-0.0016316645338078084,14091604.028302783,1.4091604028302782
2018-10-24T00:00:00.000000+0800,0.006870812583545272,14188424.798582783,1.4188424798582782
2018-10-25T00:00:00.000000+0800,-0.013580540809522978,13995738.316582782,1.3995738316582782
2018-10-26T00:00:00.000000+0800,0.008475758199869343,14114362.810382783,1.4114362810382783
2018-10-29T00:00:00.000000+0800,-0.01244444486794638,13938717.400542783,1.3938717400542782
2018-10-30T00:00:00.000000+0800,0.02235599967525448,14250331.362222781,1.4250331362222781
2018-10-31T00:00:00.000000+0800,0.018085181471864553,14508051.190942783,1.4508051190942781
2018-11-01T00:00:00.000000+0800,0.01025500475300789,14656831.324862782,1.465683132486278
2018-11-02T00:00:00.000000+0800,0.03642660998181335,15190730.003102783,1.5190730003102781
2018-11-05T00:00:00.000000+0800,0.021320908860459342,15514610.173022782,1.5514610173022783
2018-11-06T00:00:00.000000+0800,-0.0035739683086859486,15459161.447942782,1.5459161447942782
2018-11-07T00:00:00.000000+0800,0.006431783968025684,15558591.434702782,1.5558591434702782
2018-11-08T00:00:00.000000+0800,0.018905551279142507,15852735.182902781,1.585273518290278
2018-11-09T00:00:00.000000+0800,-0.004895792347790251,15775123.483302781,1.577512348330278
2018-11-12T00:00:00.000000+0800,0.039980956702340364,16405828.012262782,1.6405828012262782
2018-11-13T00:00:00.000000+0800,0.02863159669410731,16875553.06334278,1.6875553063342779
2018-11-14T00:00:00.000000+0800,0.0027173295019058408,16921409.50154278,1.692140950154278
2018-11-15T00:00:00.000000+0800,0.030950315123113636,17445132.45794278,1.744513245794278
2018-11-16T00:00:00.000000+0800,0.008626749716164062,17595627.24942278,1.759562724942278
2018-11-19T00:00:00.000000+0800,0.011050111155678,17790060.88638278,1.779006088638278
2018-11-20T00:00:00.000000+0800,-0.02947679102106915,17265666.97938278,1.7265666979382779
2018-11-21T00:00:00.000000+0800,0.01660931925435838,17552437.95438278,1.755243795438278
2018-11-22T00:00:00.000000+0800,0.0035340741702785117,17614469.571982782,1.7614469571982783
2018-11-23T00:00:00.000000+0800,-0.05930824330138518,16569786.324982781,1.656978632498278
2018-11-26T00:00:00.000000+0800,0.0017652990464878116,16599036.952982781,1.659903695298278
2018-11-27T00:00:00.000000+0800,0.010843607789405851,16779030.39938278,1.677903039938278
2018-11-28T00:00:00.000000+0800,0.02188770796037831,17146284.91662278,1.714628491662278
2018-11-29T00:00:00.000000+0800,-0.035346910434949974,16540216.719382782,1.654021671938278
2018-11-30T00:00:00.000000+0800,0.009407961433639755,16695826.440382779,1.6695826440382777
2018-12-03T00:00:00.000000+0800,0.029566985303944415,17189471.69538278,1.718947169538278
2018-12-04T00:00:00.000000+0800,0.011480551787580895,17386816.31538278,1.7386816315382778
2018-12-05T00:00:00.000000+0800,-0.004864715912663464,17302234.39338278,1.730223439338278
2018-12-06T00:00:00.000000+0800,-0.018011905162907182,16990588.18838278,1.6990588188382778
2018-12-07T00:00:00.000000+0800,0.004296277044129049,17063584.46238278,1.7063584462382777
2018-12-10T00:00:00.000000+0800,-0.016039364331882133,16789895.414382778,1.6789895414382778
2018-12-11T00:00:00.000000+0800,0.009433944241505676,16948290.35154278,1.6948290351542779
2018-12-12T00:00:00.000000+0800,0.01293266509208979,17167476.91454278,1.7167476914542779
2018-12-13T00:00:00.000000+0800,0.0071209184930629554,17289725.118382778,1.7289725118382777
2018-12-14T00:00:00.000000+0800,-0.03964735346030279,16604233.27538278,1.6604233275382778
2018-12-17T00:00:00.000000+0800,0.006271810283127843,16708371.87638278,1.670837187638278
2018-12-18T00:00:00.000000+0800,-0.005879105620030356,16610141.59338278,1.661014159338278
2018-12-19T00:00:00.000000+0800,-0.017204049670103028,16324379.892382778,1.6324379892382777
2018-12-20T00:00:00.000000+0800,0.010003352413784361,16487678.417382779,1.6487678417382778
2018-12-21T00:00:00.000000+0800,0.005126761685919412,16572206.815382779,1.6572206815382777
2018-12-24T00:00:00.000000+0800,0.020642917132946748,16914305.50738278,1.6914305507382779
2018-12-25T00:00:00.000000+0800,-0.008983646767742104,16762353.361382779,1.6762353361382778
2018-12-26T00:00:00.000000+0800,0.0048981204625571095,16844457.38738278,1.6844457387382779
2018-12-27T00:00:00.000000+0800,-0.014317992705461302,16603278.56938278,1.6603278569382778
2018-12-28T00:00:00.000000+0800,-0.0026323130589758215,16559573.54238278,1.655957354238278
2019-01-02T00:00:00.000000+0800,0.0026960127255533095,16604218.363382779,1.660421836338278
2019-01-03T00:00:00.000000+0800,-0.0064720583437392065,16496754.89338278,1.649675489338278
2019-01-04T00:00:00.000000+0800,0.027318391460175562,16947419.70138278,1.6947419701382778
2019-01-07T00:00:00.000000+0800,0.02237411922766408,17326603.29038278,1.7326603290382778
2019-01-09T00:00:00.000000+0800,0.0008937770283339308,17342089.410382777,1.7342089410382777
2019-01-10T00:00:00.000000+0800,0.0006204757538361694,17352849.75638278,1.7352849756382778
2019-01-11T00:00:00.000000+0800,0.01035113071810767,17532471.37254278,1.753247137254278
2019-01-14T00:00:00.000000+0800,-0.012373739879008139,17315529.13234278,1.7315529132342777
2019-01-15T00:00:00.000000+0800,0.014197223320240537,17561361.56634278,1.7561361566342777
2019-01-16T00:00:00.000000+0800,0.00564248893718533,17660451.35470278,1.7660451354702777
2019-01-17T00:00:00.000000+0800,-0.014630792258386482,17402064.95974278,1.740206495974278
2019-01-18T00:00:00.000000+0800,0.000989341841892033,17419281.55074278,1.7419281550742778
2019-01-21T00:00:00.000000+0800,0.0047117990923397635,17501357.70574278,1.750135770574278
2019-01-22T00:00:00.000000+0800,-0.0047280282702208964,17418610.79174278,1.741861079174278
2019-01-23T00:00:00.000000+0800,0.003673856013266974,17482604.25974278,1.748260425974278
2019-01-24T00:00:00.000000+0800,0.010085828769002436,17658930.81274278,1.765893081274278
2019-01-25T00:00:00.000000+0800,-0.017897035377246184,17342888.30326278,1.734288830326278
2019-01-28T00:00:00.000000+0800,-0.019465001624700107,17005308.95426278,1.7005308954262777
2019-01-29T00:00:00.000000+0800,-0.026320937578014347,16557713.27878278,1.655771327878278
2019-01-30T00:00:00.000000+0800,-0.02220015456307156,16190129.48478278,1.6190129484782778
2019-01-31T00:00:00.000000+0800,-0.03015192135793776,15701965.97378278,1.5701965973782779
2019-02-01T00:00:00.000000+0800,0.0035761811032926083,15758119.047782766,1.5758119047782766
2019-02-11T00:00:00.000000+0800,0.0,15758119.047782766,1.5758119047782766
2019-02-12T00:00:00.000000+0800,0.014433294437637523,15985560.619782757,1.5985560619782757
2019-02-13T00:00:00.000000+0800,0.019368742664979344,16295180.829782758,1.6295180829782758
2019-02-14T00:00:00.000000+0800,0.008597767122898947,16435282.999782756,1.6435282999782754
2019-02-15T00:00:00.000000+0800,0.00721025894604721,16553785.646062758,1.6553785646062757
2019-02-18T00:00:00.000000+0800,0.039582315785020805,17209022.81694276,1.7209022816942758
2019-02-19T00:00:00.000000+0800,0.009403964290213285,17370855.852982756,1.7370855852982754
2019-02-20T00:00:00.000000+0800,0.015731287086414802,17644121.773342755,1.7644121773342754
2019-02-21T00:00:00.000000+0800,-0.010250622744695237,17463258.537382755,1.7463258537382755
2019-02-22T00:00:00.000000+0800,0.01997760506455215,17812132.619582757,1.7812132619582757
2019-02-25T00:00:00.000000+0800,0.03778075038247497,18485088.355862755,1.8485088355862755
2019-02-26T00:00:00.000000+0800,-0.0019846146414747023,18448402.578862756,1.8448402578862755
2019-02-27T00:00:00.000000+0800,-0.001828293200769937,18414673.489862755,1.8414673489862754
2019-02-28T00:00:00.000000+0800,0.012905990026422787,18652333.082262754,1.8652333082262753
2019-03-01T00:00:00.000000+0800,0.0008141213720036511,18667518.345262755,1.8667518345262755
2019-03-04T00:00:00.000000+0800,0.01468997261703997,18941743.678582758,1.8941743678582756
2019-03-05T00:00:00.000000+0800,0.03315433831311276,19569744.656742755,1.9569744656742754
2019-03-06T00:00:00.000000+0800,0.03038323342839999,20164336.776782755,2.0164336776782754
2019-03-07T00:00:00.000000+0800,0.024627594302619737,20660935.882302754,2.066093588230275
2019-03-08T00:00:00.000000+0800,-0.03919763871556692,19851075.982062757,1.9851075982062756
2019-03-11T00:00:00.000000+0800,0.05568387090144711,20956460.734302755,2.0956460734302755
2019-03-12T00:00:00.000000+0800,0.015367990870368553,21278519.431542758,2.1278519431542757
2019-03-13T00:00:00.000000+0800,-0.015035792951164195,20958580.019062757,2.095858001906276
2019-03-14T00:00:00.000000+0800,-0.037478088605505055,20173092.500062756,2.0173092500062757
2019-03-15T00:00:00.000000+0800,0.026244953568638874,20702534.37606276,2.070253437606276
2019-03-18T00:00:00.000000+0800,0.022927977192436444,21177201.612062756,2.1177201612062757
2019-03-19T00:00:00.000000+0800,0.00872789627193793,21362034.031062756,2.1362034031062755
2019-03-20T00:00:00.000000+0800,0.00302704512622598,21426697.872062758,2.142669787206276
2019-03-21T00:00:00.000000+0800,0.01755899926374327,21802929.244222756,2.1802929244222757
2019-03-22T00:00:00.000000+0800,0.010880581623813557,22040157.795502756,2.2040157795502755
2019-03-25T00:00:00.000000+0800,0.00414239793957516,22131456.899742756,2.2131456899742754
2019-03-26T00:00:00.000000+0800,-0.037567624615334916,21300030.634742755,2.1300030634742755
2019-03-27T00:00:00.000000+0800,0.014482615320601244,21608510.784742758,2.1608510784742756
2019-03-28T00:00:00.000000+0800,-0.01989626736811323,21178582.076742757,2.1178582076742756
2019-03-29T00:00:00.000000+0800,0.023981464016788134,21686475.480742756,2.1686475480742757
2019-04-01T00:00:00.000000+0800,0.036267956528870604,22472999.630742755,2.2472999630742754
2019-04-02T00:00:00.000000+0800,0.0048740849374713235,22582534.939742755,2.2582534939742755
2019-04-03T00:00:00.000000+0800,0.017154207216933948,22969920.423582755,2.2969920423582755
2019-04-04T00:00:00.000000+0800,-0.0029643167997261965,22901830.302582756,2.2901830302582753
2019-04-08T00:00:00.000000+0800,0.03014687622247103,23592248.945982754,2.3592248945982752
2019-04-09T00:00:00.000000+0800,0.012951889623563417,23897813.150302753,2.3897813150302754
2019-04-10T00:00:00.000000+0800,0.010782998557202106,24155503.235022753,2.4155503235022753
2019-04-11T00:00:00.000000+0800,0.0038406946813465126,24248277.147822753,2.424827714782275
2019-04-12T00:00:00.000000+0800,0.008785279947987057,24461305.050822753,2.4461305050822753
2019-04-15T00:00:00.000000+0800,-0.016251547747515915,24063770.983822756,2.4063770983822756
2019-04-16T00:00:00.000000+0800,0.02096860691897451,24568354.738570757,2.4568354738570757
2019-04-17T00:00:00.000000+0800,0.027249383129956506,25237827.249714755,2.5237827249714755
2019-04-18T00:00:00.000000+0800,-0.0031822140897214135,25157515.080246758,2.5157515080246755
2019-04-19T00:00:00.000000+0800,0.0029456922986079714,25231621.378670752,2.523162137867075
2019-04-22T00:00:00.000000+0800,-0.02030823851245478,24719211.593656752,2.471921159365675
2019-04-23T00:00:00.000000+0800,-0.016893721445656373,24301612.118637275,2.4301612118637275
2019-04-24T00:00:00.000000+0800,0.011550745624825831,24582313.858492836,2.4582313858492837
2019-04-25T00:00:00.000000+0800,-0.04845230364823705,23391244.123044875,2.3391244123044874
2019-04-26T00:00:00.000000+0800,-0.01678255341763757,22998679.319044873,2.2998679319044872
2019-04-29T00:00:00.000000+0800,-0.04801709175037372,21894349.624044873,2.189434962404487
2019-04-30T00:00:00.000000+0800,0.0017679399783354643,21933057.520044874,2.193305752004487
2019-05-06T00:00:00.000000+0800,-0.01727583691767931,21554145.5952225,2.15541455952225
2019-05-07T00:00:00.000000+0800,-0.0026827785747544075,21496320.5952225,2.14963205952225
2019-05-08T00:00:00.000000+0800,0.0024747956174333563,21549519.5952225,2.1549519595222497
2019-05-09T00:00:00.000000+0800,-0.0010178500222742803,21527585.4162225,2.15275854162225
2019-05-10T00:00:00.000000+0800,0.030436659259809096,22182813.198222503,2.21828131982225
2019-05-13T00:00:00.000000+0800,0.0016732317541661157,22219930.185662504,2.22199301856625
2019-05-14T00:00:00.000000+0800,0.0022233651765422024,22269333.204662506,2.2269333204662503
2019-05-15T00:00:00.000000+0800,0.025921687257665083,22846591.8954305,2.28465918954305
2019-05-16T00:00:00.000000+0800,0.0237291901950083,23388723.019824907,2.3388723019824904
2019-05-17T00:00:00.000000+0800,-0.03661221875662768,22532409.976184905,2.2532409976184904
2019-05-20T00:00:00.000000+0800,0.012875385114447635,22822523.432184905,2.2822523432184902
2019-05-21T00:00:00.000000+0800,0.026271309409828802,23422101.006784905,2.3422101006784906
2019-05-22T00:00:00.000000+0800,0.012773381366314451,23721280.435344905,2.3721280435344902
2019-05-23T00:00:00.000000+0800,-0.024037805829377867,23151072.902215865,2.3151072902215866
2019-05-24T00:00:00.000000+0800,-0.0024923250599966362,23093372.90305586,2.309337290305586
2019-05-27T00:00:00.000000+0800,0.028388923495590523,23748968.89965586,2.374896889965586
2019-05-28T00:00:00.000000+0800,-0.00264108858793044,23686245.768919863,2.3686245768919862
2019-05-29T00:00:00.000000+0800,0.008994896746345571,23899301.10391986,2.389930110391986
2019-05-30T00:00:00.000000+0800,-0.007257885464003966,23725842.713837866,2.3725842713837864
2019-05-31T00:00:00.000000+0800,0.007962020016461402,23914748.348432858,2.3914748348432857
2019-06-03T00:00:00.000000+0800,-0.02589603247209482,23295451.248639863,2.3295451248639862
2019-06-04T00:00:00.000000+0800,-0.01671859525288366,22905984.02798057,2.290598402798057
2019-06-05T00:00:00.000000+0800,0.009985649151313503,23134715.147949573,2.313471514794957
2019-06-06T00:00:00.000000+0800,-0.016640751550300648,22749736.100985568,2.2749736100985567
2019-06-10T00:00:00.000000+0800,0.026178975040031194,23345300.874540564,2.3345300874540564
2019-06-11T00:00:00.000000+0800,0.04206303346704621,24327275.046524625,2.4327275046524623
2019-06-12T00:00:00.000000+0800,0.0009646961739331328,24350743.475684226,2.4350743475684222
2019-06-13T00:00:00.000000+0800,0.011543596954789237,24631838.643916987,2.4631838643916986
2019-06-14T00:00:00.000000+0800,-0.017482611277501392,24201209.78385525,2.420120978385525
2019-06-17T00:00:00.000000+0800,0.01421497904592628,24545229.473818816,2.4545229473818817
2019-06-18T00:00:00.000000+0800,0.0018228747075057505,24589972.351816565,2.4589972351816565
2019-06-19T00:00:00.000000+0800,0.01022653487113101,24841442.561552566,2.4841442561552562
2019-06-20T00:00:00.000000+0800,0.012616156048725458,25154846.077384565,2.5154846077384563
2019-06-21T00:00:00.000000+0800,0.04140663833266012,26196423.691224564,2.6196423691224564
2019-06-24T00:00:00.000000+0800,0.0032987327633180463,26282838.692336567,2.6282838692336568
2019-06-25T00:00:00.000000+0800,-0.001266833466116779,26249542.712696567,2.6249542712696567
2019-06-26T00:00:00.000000+0800,0.009829570826168865,26507564.451945566,2.6507564451945567
2019-06-27T00:00:00.000000+0800,0.005190160752505557,26645142.972608566,2.6645142972608564
2019-06-28T00:00:00.000000+0800,-0.019154042887728595,26134780.76136156,2.6134780761361562
2019-07-01T00:00:00.000000+0800,0.030299281791057453,26926645.848197564,2.6926645848197563
2019-07-02T00:00:00.000000+0800,0.007830312272262274,27137489.893633567,2.7137489893633564
2019-07-03T00:00:00.000000+0800,-0.014629297211056214,26740487.488417566,2.6740487488417566
2019-07-04T00:00:00.000000+0800,-0.0037261269769730543,26640849.036609564,2.664084903660956
2019-07-05T00:00:00.000000+0800,0.0020955903041710577,26696677.341545567,2.6696677341545567
2019-07-08T00:00:00.000000+0800,-0.025435499339754086,26017634.022651058,2.6017634022651057
2019-07-09T00:00:00.000000+0800,0.01071857279932642,26296505.926989075,2.6296505926989076
2019-07-10T00:00:00.000000+0800,0.00253936499797347,26363282.353709076,2.6363282353709074
2019-07-11T00:00:00.000000+0800,0.008079967010254707,26576296.805409074,2.657629680540907
2019-07-12T00:00:00.000000+0800,0.0014890141305146098,26615869.286889076,2.6615869286889073
2019-07-15T00:00:00.000000+0800,0.011389967986671579,26919023.186004177,2.6919023186004174
2019-07-16T00:00:00.000000+0800,0.003454405634464086,27012012.411372177,2.7012012411372175
2019-07-17T00:00:00.000000+0800,-0.001144585674889842,26981094.848916173,2.698109484891617
2019-07-18T00:00:00.000000+0800,-0.022466682474867272,26374919.158121295,2.6374919158121295
2019-07-19T00:00:00.000000+0800,0.008625288010786214,26602410.432121295,2.6602410432121295
2019-07-22T00:00:00.000000+0800,-0.0401714607346122,25533752.746001296,2.5533752746001293
2019-07-23T00:00:00.000000+0800,0.025253388652045405,26178566.527841296,2.6178566527841296
2019-07-24T00:00:00.000000+0800,0.0067409596630245705,26355035.18884128,2.635503518884128
2019-07-25T00:00:00.000000+0800,-0.007755939748717244,26150627.123841304,2.6150627123841304
2019-07-26T00:00:00.000000+0800,0.0034620261904716454,26241161.279841304,2.6241161279841303
2019-07-29T00:00:00.000000+0800,0.0015325261550407365,26281376.545841303,2.62813765458413
2019-07-30T00:00:00.000000+0800,0.012500580825625995,26609909.0175613,2.66099090175613
2019-07-31T00:00:00.000000+0800,0.000690713987329783,26628288.8539213,2.66282888539213
2019-08-01T00:00:00.000000+0800,0.00011162936590891626,26631261.352921303,2.66312613529213
2019-08-02T00:00:00.000000+0800,-0.015722417832607416,26212553.534521304,2.6212553534521303
2019-08-05T00:00:00.000000+0800,-0.005437486691721727,26070023.123521302,2.60700231235213
2019-08-06T00:00:00.000000+0800,-0.03867387812519196,25061794.226521302,2.50617942265213
2019-08-07T00:00:00.000000+0800,0.00295824889191465,25135933.2515213,2.51359332515213
2019-08-08T00:00:00.000000+0800,-0.0020964893355134295,25083236.03552131,2.508323603552131
2019-08-09T00:00:00.000000+0800,-0.0005052305046308048,25070563.21952131,2.5070563219521307
2019-08-12T00:00:00.000000+0800,0.01209127195690396,25373698.217521295,2.5373698217521294
2019-08-13T00:00:00.000000+0800,-0.011405706394039039,25084293.265521295,2.5084293265521294
2019-08-14T00:00:00.000000+0800,0.0025945612384246086,25149376.000521295,2.5149376000521295
2019-08-15T00:00:00.000000+0800,0.00737602010467997,25334878.303521294,2.5334878303521293
2019-08-16T00:00:00.000000+0800,0.0009016569065904978,25357721.671521295,2.535772167152129
2019-08-19T00:00:00.000000+0800,0.03018865794681136,26123237.257373296,2.6123237257373293
2019-08-20T00:00:00.000000+0800,0.001993189475140822,26175305.818931296,2.6175305818931296
2019-08-21T00:00:00.000000+0800,-0.0006031647598027101,26159517.796884257,2.6159517796884257
2019-08-22T00:00:00.000000+0800,0.008742243598513166,26388210.673884258,2.6388210673884256
2019-08-23T00:00:00.000000+0800,-0.004898154096060758,26258957.151684258,2.6258957151684257
2019-08-26T00:00:00.000000+0800,-0.0064869635765058,26088616.253084257,2.6088616253084256
2019-08-27T00:00:00.000000+0800,0.023542508120850902,26702807.71308426,2.6702807713084256
2019-08-28T00:00:00.000000+0800,0.007374584226343739,26899729.817644257,2.689972981764426
2019-08-29T00:00:00.000000+0800,0.00020292356231843556,26905188.40664426,2.6905188406644256
2019-08-30T00:00:00.000000+0800,-0.01772855032980203,26428198.41984426,2.6428198419844255
2019-09-02T00:00:00.000000+0800,0.032748167148243246,27293673.47912426,2.729367347912426
2019-09-03T00:00:00.000000+0800,0.013836878032883915,27671332.71012426,2.767133271012426
2019-09-04T00:00:00.000000+0800,0.00965845017295508,27938594.89832426,2.7938594898324256
2019-09-05T00:00:00.000000+0800,0.010176540483682439,28222913.14036426,2.8222913140364256
2019-09-06T00:00:00.000000+0800,0.00851937419798543,28463354.69836426,2.846335469836426
2019-09-09T00:00:00.000000+0800,0.015314837995011432,28899266.36436426,2.8899266364364258
2019-09-10T00:00:00.000000+0800,0.005474621654586009,29057478.91380426,2.9057478913804258
2019-09-11T00:00:00.000000+0800,-0.0009611007617984502,29029551.74868426,2.902955174868426
2019-09-12T00:00:00.000000+0800,0.006159746783141573,29208366.436684262,2.920836643668426
2019-09-16T00:00:00.000000+0800,0.0012089933915526707,29243679.15868426,2.924367915868426
2019-09-17T00:00:00.000000+0800,-0.02268082437236818,28580408.40768426,2.858040840768426
2019-09-18T00:00:00.000000+0800,0.007215924141397156,28786642.46668426,2.878664246668426
2019-09-19T00:00:00.000000+0800,0.013134746005811326,29164747.70384426,2.916474770384426
2019-09-20T00:00:00.000000+0800,0.00025231180035301115,29172106.31384426,2.917210631384426
2019-09-23T00:00:00.000000+0800,-0.013594303844004396,28775531.83684426,2.877553183684426
2019-09-24T00:00:00.000000+0800,0.005965749720052038,28947199.45784426,2.894719945784426
2019-09-25T00:00:00.000000+0800,-0.023535766707662664,28265904.92456426,2.826590492456426
2019-09-26T00:00:00.000000+0800,-0.01709089994780877,27782815.17156426,2.778281517156426
2019-09-27T00:00:00.000000+0800,0.008251047979998427,28012052.51256426,2.801205251256426
2019-09-30T00:00:00.000000+0800,-0.01280663213947264,27653312.46056426,2.7653312460564257
2019-10-08T00:00:00.000000+0800,0.0015129158815843091,27695149.59616426,2.769514959616426
2019-10-09T00:00:00.000000+0800,0.019360274416942103,28231335.292364262,2.823133529236426
2019-10-10T00:00:00.000000+0800,0.014397151172298006,28637786.09436426,2.8637786094364257
2019-10-11T00:00:00.000000+0800,0.006015204798037743,28810048.24268426,2.881004824268426
2019-10-14T00:00:00.000000+0800,0.009969215524411101,29097261.82288426,2.909726182288426
2019-10-15T00:00:00.000000+0800,-0.0031329998181582885,29006100.10688426,2.900610010688426
2019-10-16T00:00:00.000000+0800,-0.009546903443744092,28729181.66988426,2.872918166988426
2019-10-17T00:00:00.000000+0800,0.002077103643455036,28788855.157804262,2.878885515780426
2019-10-18T00:00:00.000000+0800,-0.0060070233794315975,28615919.83180426,2.8615919831804257
2019-10-21T00:00:00.000000+0800,0.023902904315512785,29299923.42544426,2.929992342544426
2019-10-22T00:00:00.000000+0800,0.009730245907483281,29585018.88544426,2.958501888544426
2019-10-23T00:00:00.000000+0800,0.009255477613864915,29858842.36544426,2.985884236544426
2019-10-24T00:00:00.000000+0800,0.0005629776986750823,29875652.227804262,2.987565222780426
2019-10-25T00:00:00.000000+0800,0.008918150755284238,30142087.798284262,3.0142087798284263
2019-10-28T00:00:00.000000+0800,0.018079988707053518,30687056.40528426,3.068705640528426
2019-10-29T00:00:00.000000+0800,-0.015263842801140681,30218654.000284262,3.021865400028426
2019-10-30T00:00:00.000000+0800,-0.003324058561941845,30118205.42472426,3.011820542472426
2019-10-31T00:00:00.000000+0800,-0.007328066014810397,29897497.22712426,2.9897497227124257
2019-11-01T00:00:00.000000+0800,0.011733097601285047,30248287.480124258,3.0248287480124256
2019-11-04T00:00:00.000000+0800,-0.0014593312440911443,30204145.20912426,3.020414520912426
2019-11-05T00:00:00.000000+0800,0.005478362749693488,30369614.47312426,3.0369614473124256
2019-11-06T00:00:00.000000+0800,-0.015048722643629442,29912590.568124257,2.9912590568124258
2019-11-07T00:00:00.000000+0800,0.009438080107339486,30194907.99412426,3.019490799412426
2019-11-08T00:00:00.000000+0800,-0.002512578810134669,30119040.908124257,3.0119040908124255
2019-11-11T00:00:00.000000+0800,-0.03051306091729178,29200016.778124258,2.920001677812426
2019-11-12T00:00:00.000000+0800,0.007148071885916485,29408740.597124256,2.9408740597124257
2019-11-13T00:00:00.000000+0800,-0.0016364832707154164,29360613.685124252,2.936061368512425
2019-11-14T00:00:00.000000+0800,0.006767949203346557,29559324.827124257,2.9559324827124254
2019-11-15T00:00:00.000000+0800,-0.011538355222749486,29218258.83712426,2.9218258837124256
2019-11-18T00:00:00.000000+0800,0.009033907751704318,29482213.892124258,2.9482213892124256
2019-11-19T00:00:00.000000+0800,0.022530972594885457,30146476.845364258,3.014647684536426
2019-11-20T00:00:00.000000+0800,0.007893122245115292,30384426.672364257,3.0384426672364255
2019-11-21T00:00:00.000000+0800,-0.0033386064122206127,30282985.030644257,3.0282985030644256
2019-11-22T00:00:00.000000+0800,-0.0036339646494107924,30172937.733564258,3.0172937733564256
2019-11-25T00:00:00.000000+0800,-0.0075084230445345845,29946386.552564256,2.9946386552564253
2019-11-26T00:00:00.000000+0800,-0.0005760168082290518,29929136.930564255,2.9929136930564253
2019-11-27T00:00:00.000000+0800,-0.004058023733920946,29807683.782564256,2.9807683782564256
2019-11-28T00:00:00.000000+0800,0.0015540765709241011,29854007.205564257,2.9854007205564255
2019-11-29T00:00:00.000000+0800,0.007352730676607022,30073515.680164255,3.0073515680164253
2019-12-02T00:00:00.000000+0800,0.002501227718102017,30148736.391164258,3.0148736391164257
2019-12-03T00:00:00.000000+0800,0.010702569812994334,30471405.347164255,3.0471405347164255
2019-12-04T00:00:00.000000+0800,0.0024970531596135714,30547494.066164255,3.0547494066164256
2019-12-05T00:00:00.000000+0800,0.013850343765796413,30970587.360164255,3.0970587360164252
2019-12-06T00:00:00.000000+0800,0.006817898528834299,31181741.682164256,3.1181741682164255
2019-12-09T00:00:00.000000+0800,-0.0022410564076980055,31111861.640164256,3.1111861640164253
2019-12-10T00:00:00.000000+0800,0.0004418103127026285,31125607.181484256,3.1125607181484254
2019-12-11T00:00:00.000000+0800,-0.0034623942393036122,31017838.058484256,3.1017838058484255
2019-12-12T00:00:00.000000+0800,-0.004024640265534396,30893002.418484256,3.0893002418484254
2019-12-13T00:00:00.000000+0800,0.006917920443761272,31106717.751484256,3.1106717751484254
2019-12-16T00:00:00.000000+0800,0.01704583414541383,31636957.703084257,3.1636957703084256
2019-12-17T00:00:00.000000+0800,0.015703354653205492,32133764.070044253,3.213376407004425
2019-12-18T00:00:00.000000+0800,0.004901838286254234,32291278.585044254,3.2291278585044254
2019-12-19T00:00:00.000000+0800,0.019225388475250238,32912090.960204255,3.291209096020425
2019-12-20T00:00:00.000000+0800,-0.012474303772933237,32501535.539764255,3.2501535539764252
2019-12-23T00:00:00.000000+0800,-0.024456522001168435,31706661.020764254,3.1706661020764253
2019-12-24T00:00:00.000000+0800,0.025538270790157247,32516394.315764252,3.251639431576425
2019-12-25T00:00:00.000000+0800,0.0018515899412259174,32576601.344404254,3.2576601344404255
2019-12-26T00:00:00.000000+0800,0.011395460109400402,32947826.705524255,3.2947826705524252
2019-12-27T00:00:00.000000+0800,-0.00982193326231573,32624215.350484252,3.262421535048425
2019-12-30T00:00:00.000000+0800,-0.005195377181615002,32454720.246484254,3.245472024648425
2019-12-31T00:00:00.000000+0800,0.007244152690715877,32689827.195484255,3.268982719548425
2020-01-02T00:00:00.000000+0800,0.020177001413183238,33349409.885004256,3.3349409885004255
2020-01-03T00:00:00.000000+0800,0.009574971674193966,33668729.54000425,3.366872954000425
2020-01-06T00:00:00.000000+0800,0.009820978353433762,33999389.40400425,3.399938940400425
2020-01-07T00:00:00.000000+0800,0.01425109475121733,34483917.92388425,3.448391792388425
2020-01-08T00:00:00.000000+0800,-0.017534835912052626,33879248.08148425,3.387924808148425
2020-01-10T00:00:00.000000+0800,0.02792375418027726,34825283.87672425,3.482528387672425
2020-01-13T00:00:00.000000+0800,-0.00026202281745335565,34816158.85772426,3.4816158857724253
2020-01-14T00:00:00.000000+0800,-0.0011188447628351916,34777204.98072425,3.4777204980724252
2020-01-15T00:00:00.000000+0800,-0.016077190398420482,34218085.23472425,3.4218085234724254
2020-01-16T00:00:00.000000+0800,-0.0077171956931132435,33954017.57472426,3.3954017574724253
2020-01-17T00:00:00.000000+0800,0.005238364249784855,34131881.086524256,3.4131881086524256
2020-01-20T00:00:00.000000+0800,0.007144433451582444,34375734.03952426,3.4375734039524257
2020-01-21T00:00:00.000000+0800,-0.010673604062043762,34008821.065044254,3.4008821065044255
2020-01-22T00:00:00.000000+0800,-0.0015789573504267906,33955122.587044254,3.395512258704425
2020-01-23T00:00:00.000000+0800,-0.03727598829176182,32689411.835044254,3.2689411835044253
2020-02-03T00:00:00.000000+0800,-0.08894302647816554,29781916.612644255,2.9781916612644252
2020-02-04T00:00:00.000000+0800,-0.025142244797035418,29033132.374644257,2.9033132374644257
2020-02-05T00:00:00.000000+0800,0.005303655527520101,29187114.10764426,2.9187114107644256
2020-02-06T00:00:00.000000+0800,0.0,29187114.10764426,2.9187114107644256
2020-02-07T00:00:00.000000+0800,0.010503282540006875,29493674.61364427,2.9493674613644267
2020-02-10T00:00:00.000000+0800,0.03638934548031836,30566930.128644265,3.0566930128644265
2020-02-11T00:00:00.000000+0800,-0.013626531720621782,30150408.885644265,3.0150408885644264
2020-02-12T00:00:00.000000+0800,0.0145310636967384,30588526.397644266,3.0588526397644267
2020-02-13T00:00:00.000000+0800,-0.011527131461525841,30235928.432644267,3.0235928432644266
2020-02-14T00:00:00.000000+0800,0.0012685983605711382,30274285.681884266,3.0274285681884265
2020-02-17T00:00:00.000000+0800,0.036083380446319646,31366684.249884266,3.1366684249884265
2020-02-18T00:00:00.000000+0800,0.024163387563758798,32124609.598004267,3.2124609598004263
2020-02-19T00:00:00.000000+0800,0.006726322312518462,32340690.076324265,3.2340690076324266
2020-02-20T00:00:00.000000+0800,0.020627253484871266,33007789.688404266,3.3007789688404263
2020-02-21T00:00:00.000000+0800,0.007935923019166014,33269736.966404267,3.3269736966404264
2020-02-24T00:00:00.000000+0800,0.004413707090870078,33416579.840364266,3.3416579840364267
2020-02-25T00:00:00.000000+0800,-0.012014348748971893,33015101.39616427,3.301510139616427
2020-02-26T00:00:00.000000+0800,0.008370687286518796,33291460.48568427,3.3291460485684268
2020-02-27T00:00:00.000000+0800,0.012163433835957083,33696398.96260427,3.3696398962604266
2020-02-28T00:00:00.000000+0800,-0.05185002906865421,31949239.696884267,3.1949239696884266
2020-03-02T00:00:00.000000+0800,0.04314996473153765,33327848.263004266,3.3327848263004265
2020-03-03T00:00:00.000000+0800,0.015632715256278518,33848853.02500427,3.3848853025004266
2020-03-04T00:00:00.000000+0800,0.0250613496467178,34697150.965804264,3.469715096580426
2020-03-05T00:00:00.000000+0800,0.02778847368737125,35661331.832444265,3.5661331832444265
2020-03-06T00:00:00.000000+0800,0.007913743050483646,35943546.44940426,3.594354644940426
2020-03-09T00:00:00.000000+0800,-0.008390910939869212,35641947.35228426,3.564194735228426
2020-03-10T00:00:00.000000+0800,0.02500878821209751,36533309.26508427,3.6533309265084264
2020-03-11T00:00:00.000000+0800,0.011368806663155206,36948649.394884266,3.6948649394884265
2020-03-12T00:00:00.000000+0800,-0.0179220512588395,36286453.80648426,3.628645380648426
2020-03-13T00:00:00.000000+0800,0.00410201495560325,36435301.38268426,3.6435301382684258
2020-03-16T00:00:00.000000+0800,-0.038301811705699795,35039763.329684265,3.5039763329684264
2020-03-17T00:00:00.000000+0800,0.0012142699880610675,35082311.06268426,3.508231106268426
2020-03-18T00:00:00.000000+0800,0.0007214847868710628,35107622.41640426,3.510762241640426
2020-03-19T00:00:00.000000+0800,0.010652181223905988,35481595.17272426,3.548159517272426
2020-03-20T00:00:00.000000+0800,0.020824686669330017,36220488.27472426,3.6220488274724256
2020-03-23T00:00:00.000000+0800,-0.023616253660415643,35365096.03592426,3.5365096035924264
2020-03-24T00:00:00.000000+0800,0.0305677135416762,36446126.16092426,3.6446126160924264
2020-03-25T00:00:00.000000+0800,0.02730384360757987,37441245.48972426,3.744124548972426
2020-03-26T00:00:00.000000+0800,-0.014421470197838238,36901287.68372426,3.690128768372426
2020-03-27T00:00:00.000000+0800,-0.0018679285999658735,36832358.713084266,3.6832358713084266
2020-03-30T00:00:00.000000+0800,-0.014496749606490056,36298409.23140426,3.6298409231404256
2020-03-31T00:00:00.000000+0800,0.006950096506756598,36550686.67860426,3.655068667860426
2020-04-01T00:00:00.000000+0800,-0.01157186615176753,36127727.02460426,3.612772702460426
2020-04-02T00:00:00.000000+0800,0.019097020538550113,36817658.96960426,3.681765896960426
2020-04-03T00:00:00.000000+0800,-0.003812660443074045,36677285.73764426,3.667728573764426
2020-04-07T00:00:00.000000+0800,0.030170427629661267,37783855.132644266,3.7783855132644266
2020-04-08T00:00:00.000000+0800,0.016400024026786753,38403511.264644265,3.8403511264644266
2020-04-09T00:00:00.000000+0800,0.017043758225373296,39058051.42564426,3.905805142564426
2020-04-10T00:00:00.000000+0800,-0.02384897384789675,38126556.97864427,3.8126556978644266
2020-04-13T00:00:00.000000+0800,-0.011080839783058405,37704082.70928426,3.770408270928426
2020-04-14T00:00:00.000000+0800,0.023611753344175312,38594342.21028426,3.859434221028426
2020-04-15T00:00:00.000000+0800,-0.006885880754023743,38328586.17204426,3.832858617204426
2020-04-16T00:00:00.000000+0800,-0.0029596549815537054,38215146.78104426,3.8215146781044256
2020-04-17T00:00:00.000000+0800,-0.0015385849055318257,38156349.53304426,3.8156349533044263
2020-04-20T00:00:00.000000+0800,0.006284812399894868,38396155.03172426,3.8396155031724257
2020-04-21T00:00:00.000000+0800,-0.007263146499163264,38117278.13272426,3.811727813272426
2020-04-22T00:00:00.000000+0800,0.00658842355232081,38368410.905724265,3.836841090572426
2020-04-23T00:00:00.000000+0800,-0.016339346952377154,37741496.12792426,3.774149612792426
2020-04-24T00:00:00.000000+0800,-0.03153568260690631,36551292.28492426,3.655129228492426
2020-04-27T00:00:00.000000+0800,-0.021696633673526478,35758252.28592426,3.5758252285924264
2020-04-28T00:00:00.000000+0800,-0.030810073411604466,34656537.907924265,3.4656537907924263
2020-04-29T00:00:00.000000+0800,-0.011318800828928666,34264267.457924254,3.4264267457924253
2020-04-30T00:00:00.000000+0800,-0.004560083363576051,34108019.54192425,3.4108019541924253
2020-05-06T00:00:00.000000+0800,-0.0009294296598203466,34076318.53692426,3.4076318536924255
2020-05-07T00:00:00.000000+0800,-0.007698739983186154,33813973.82092425,3.381397382092425
2020-05-08T00:00:00.000000+0800,0.01078771965495151,34178749.490924254,3.4178749490924254
2020-05-11T00:00:00.000000+0800,-0.0010442071325483804,34143059.79692425,3.4143059796924247
2020-05-12T00:00:00.000000+0800,-0.00738005739669223,33891082.05592425,3.389108205592425
2020-05-13T00:00:00.000000+0800,0.008573037338629463,34181631.56783625,3.4181631567836246
2020-05-14T00:00:00.000000+0800,-0.0023641933905652612,34100819.58040483,3.4100819580404833
2020-05-15T00:00:00.000000+0800,0.004514959773638028,34254783.40905845,3.425478340905845
2020-05-18T00:00:00.000000+0800,0.0034867662509425745,34374221.831782505,3.4374221831782505
2020-05-19T00:00:00.000000+0800,0.024531451237552293,35217471.378477685,3.5217471378477683
2020-05-20T00:00:00.000000+0800,-0.012392399084129369,34781042.418421686,3.4781042418421686
2020-05-21T00:00:00.000000+0800,-0.003477118147555691,34660104.624637686,3.4660104624637684
2020-05-22T00:00:00.000000+0800,-0.015778288559557985,34113227.49236568,3.411322749236568
2020-05-25T00:00:00.000000+0800,0.007332238959212534,34363353.82800969,3.4363353828009684
2020-05-26T00:00:00.000000+0800,0.022408998505388356,35133402.17258169,3.5133402172581687
2020-05-27T00:00:00.000000+0800,0.003646072986973836,35261501.12118363,3.5261501121183625
2020-05-28T00:00:00.000000+0800,-0.010324132110793638,34897456.72518363,3.489745672518363
2020-05-29T00:00:00.000000+0800,0.00979898753576558,35239416.468663625,3.5239416468663625
2020-06-01T00:00:00.000000+0800,0.024782022763730316,36112720.48977062,3.611272048977062
2020-06-02T00:00:00.000000+0800,0.009442373026883777,36453710.26765063,3.6453710267650625
2020-06-03T00:00:00.000000+0800,0.008779006101444775,36773737.61251063,3.677373761251063
2020-06-04T00:00:00.000000+0800,0.006784965939255372,37023246.16967063,3.7023246169670623
2020-06-05T00:00:00.000000+0800,-0.00648010610081351,36783331.606294625,3.6783331606294625
2020-06-08T00:00:00.000000+0800,-0.005741438115406172,36572142.38419862,3.657214238419862
2020-06-09T00:00:00.000000+0800,0.010267182358350224,36947635.23929274,3.6947635239292738
2020-06-10T00:00:00.000000+0800,-0.006113876098456372,36721741.975308746,3.6721741975308744
2020-06-11T00:00:00.000000+0800,-0.009804642277929654,36361698.43141841,3.636169843141841
2020-06-12T00:00:00.000000+0800,0.00023005284991239883,36370063.54377022,3.6370063543770215
2020-06-15T00:00:00.000000+0800,-0.004836123233752265,36194173.434453145,3.6194173434453143
2020-06-16T00:00:00.000000+0800,0.004817997487699621,36368556.87112971,3.6368556871129707
2020-06-17T00:00:00.000000+0800,0.0037521916771203756,36505018.66753044,3.650501866753044
2020-06-18T00:00:00.000000+0800,-0.0033078775752910516,36384264.53489453,3.638426453489453
2020-06-19T00:00:00.000000+0800,0.002667655717842443,36481325.22622054,3.648132522622054
2020-06-22T00:00:00.000000+0800,-0.0028436033998961996,36377586.80577454,3.6377586805774538
2020-06-23T00:00:00.000000+0800,-0.012130074369418486,35936323.97244052,3.593632397244052
2020-06-24T00:00:00.000000+0800,-0.013918972624512138,35436127.26284252,3.543612726284252
2020-06-29T00:00:00.000000+0800,-0.008790600555287909,35124622.42284852,3.512462242284852
2020-06-30T00:00:00.000000+0800,-0.00037777597480781466,35111353.18437298,3.5111353184372973
2020-07-01T00:00:00.000000+0800,0.0029974635112279824,35216598.18437298,3.5216598184372976
2020-07-02T00:00:00.000000+0800,0.012487160278732867,35656353.49037298,3.5656353490372976
2020-07-03T00:00:00.000000+0800,0.011173262990775479,36054751.305212975,3.605475130521297
2020-07-06T00:00:00.000000+0800,0.03059508328114613,37157849.424076974,3.7157849424076974
2020-07-07T00:00:00.000000+0800,0.006851902966887646,37412451.402788974,3.741245140278897
2020-07-08T00:00:00.000000+0800,0.017169834524773053,38054817.002540976,3.8054817002540973
2020-07-09T00:00:00.000000+0800,0.021577077343590156,38875928.732300974,3.8875928732300973
2020-07-10T00:00:00.000000+0800,-0.012498257452054018,38390047.366316974,3.839004736631697
2020-07-13T00:00:00.000000+0800,0.033252659616566316,39666618.54405297,3.966661854405297
2020-07-14T00:00:00.000000+0800,0.0039569078922543355,39823575.70002898,3.9823575700028977
2020-07-15T00:00:00.000000+0800,-0.023475827936749627,38888684.289068975,3.888868428906897
2020-07-16T00:00:00.000000+0800,-0.040839903814279266,37300474.163239524,3.730047416323952
2020-07-17T00:00:00.000000+0800,0.003373314195667998,37426300.38223953,3.7426300382239526
2020-07-20T00:00:00.000000+0800,0.04004408690395689,38925002.40723953,3.8925002407239524
2020-07-21T00:00:00.000000+0800,0.001036944239019455,38965365.46423953,3.896536546423953
2020-07-22T00:00:00.000000+0800,-0.006317445690222301,38719203.88411953,3.871920388411953
2020-07-23T00:00:00.000000+0800,-0.0021792082251622658,38634826.67654353,3.8634826676543526
2020-07-24T00:00:00.000000+0800,-0.02403684266899586,37706167.42617553,3.7706167426175528
2020-07-27T00:00:00.000000+0800,0.005288802436430151,37905587.896327525,3.7905587896327524
2020-07-28T00:00:00.000000+0800,0.011674243875027024,38348106.97365553,3.834810697365553
2020-07-29T00:00:00.000000+0800,0.01825099158549448,39047997.95135136,3.9047997951351356
2020-07-30T00:00:00.000000+0800,0.0022818739609904437,39137100.561105356,3.9137100561105354
2020-07-31T00:00:00.000000+0800,0.012672539256495252,39633067.00435136,3.963306700435136
2020-08-03T00:00:00.000000+0800,0.0349920561416488,41019909.510033354,4.101990951003335
2020-08-04T00:00:00.000000+0800,-0.003123866940645592,40891768.770806685,4.089176877080669
2020-08-05T00:00:00.000000+0800,0.009694790685675247,41288205.90980668,4.128820590980668
2020-08-06T00:00:00.000000+0800,-0.0020056776305780177,41205395.07880668,4.120539507880668
2020-08-07T00:00:00.000000+0800,-0.019290672871350112,40410515.281806685,4.0410515281806685
2020-08-10T00:00:00.000000+0800,0.01731469413642972,41110210.99380668,4.111021099380668
2020-08-11T00:00:00.000000+0800,-0.02599413602817524,40041586.57708669,4.004158657708668
2020-08-12T00:00:00.000000+0800,0.0024615839487338587,40140152.30388668,4.014015230388668
2020-08-13T00:00:00.000000+0800,0.013580470575026204,40685274.461126685,4.068527446112668
2020-08-14T00:00:00.000000+0800,0.023983808262921347,41661062.28292668,4.1661062282926675
2020-08-17T00:00:00.000000+0800,0.01900716848030326,42452921.11280668,4.245292111280667
2020-08-18T00:00:00.000000+0800,0.0082214411703867,42801945.30624668,4.2801945306246685
2020-08-19T00:00:00.000000+0800,-0.011702934020779154,42301036.96436668,4.230103696436668
2020-08-20T00:00:00.000000+0800,-0.008980196048621658,41921165.35936668,4.192116535936668
2020-08-21T00:00:00.000000+0800,0.01933147917556477,42731563.494526684,4.273156349452668
2020-08-24T00:00:00.000000+0800,0.023501645029408547,43735825.53132668,4.3735825531326675
2020-08-25T00:00:00.000000+0800,0.02742049609423769,44935083.56448668,4.493508356448668
2020-08-26T00:00:00.000000+0800,-0.014371341016273909,44289306.15498668,4.428930615498667
2020-08-27T00:00:00.000000+0800,0.037851510071833516,45965723.27298668,4.596572327298667
2020-08-28T00:00:00.000000+0800,0.004114013182973997,46154826.86449668,4.615482686449668
2020-08-31T00:00:00.000000+0800,0.00010996252948580754,46159902.16600668,4.615990216600667
2020-09-01T00:00:00.000000+0800,0.013537712520547585,46784801.65150668,4.678480165150668
2020-09-02T00:00:00.000000+0800,0.028421409732260372,48114491.668486685,4.811449166848668
2020-09-03T00:00:00.000000+0800,-0.006503174726423033,47801594.72229349,4.780159472229348
2020-09-04T00:00:00.000000+0800,0.023898409943784227,48943976.82893349,4.894397682893349
2020-09-07T00:00:00.000000+0800,0.0005242963417069202,48969637.976933494,4.896963797693349
2020-09-08T00:00:00.000000+0800,0.020641687235591233,49980453.928093486,4.998045392809348
2020-09-09T00:00:00.000000+0800,-0.011391009036034072,49411126.12577349,4.941112612577348
2020-09-10T00:00:00.000000+0800,-0.06492796213212759,46202962.399773486,4.620296239977348
2020-09-11T00:00:00.000000+0800,0.018503297074392577,47057869.538773485,4.7057869538773485
2020-09-14T00:00:00.000000+0800,0.011763840964025718,47611450.83213349,4.761145083213348
2020-09-15T00:00:00.000000+0800,-0.004990819789083889,47373830.66113348,4.737383066113348
2020-09-16T00:00:00.000000+0800,-0.005640184618197153,47106633.51013348,4.710663351013348
2020-09-17T00:00:00.000000+0800,0.008173267939369566,47491648.647533484,4.749164864753348
2020-09-18T00:00:00.000000+0800,0.023755534496033848,48619838.14525349,4.861983814525349
2020-09-21T00:00:00.000000+0800,-0.007916673927421902,48234930.740253486,4.8234930740253485
2020-09-22T00:00:00.000000+0800,-0.020452621489444933,47248399.95925349,4.724839995925349
2020-09-23T00:00:00.000000+0800,0.011385042127646683,47786324.98325349,4.778632498325348
2020-09-24T00:00:00.000000+0800,-0.0279701841785992,46449732.67225349,4.644973267225349
2020-09-25T00:00:00.000000+0800,-0.006671997128309126,46139820.18925349,4.613982018925348
2020-09-28T00:00:00.000000+0800,-0.024391116662004775,45014418.45225348,4.501441845225348
2020-09-29T00:00:00.000000+0800,0.00857469500376662,45400403.361253485,4.540040336125348
2020-09-30T00:00:00.000000+0800,-0.000512047983693531,45377156.17625348,4.537715617625348
2020-10-09T00:00:00.000000+0800,0.034958250817624714,46963462.18325348,4.696346218325348
2020-10-12T00:00:00.000000+0800,0.03297693762348408,48512173.346253484,4.851217334625348
2020-10-13T00:00:00.000000+0800,0.009510131100231023,48973530.47473349,4.897353047473349
2020-10-14T00:00:00.000000+0800,0.0037313139385422023,49156266.09161349,4.9156266091613485
2020-10-15T00:00:00.000000+0800,0.005330195385297998,49418278.59429349,4.941827859429349
2020-10-16T00:00:00.000000+0800,0.015192323155640786,50169057.05249348,5.016905705249348
2020-10-19T00:00:00.000000+0800,-0.006759724667839806,49829928.03997348,4.982992803997348
2020-10-20T00:00:00.000000+0800,0.021902621956918722,50921334.11597349,5.092133411597349
2020-10-21T00:00:00.000000+0800,-0.007665774049654295,50530982.67433348,5.053098267433348
2020-10-22T00:00:00.000000+0800,0.01559848053222912,51319189.223853484,5.131918922385348
2020-10-23T00:00:00.000000+0800,-0.008473286787583967,50884347.01585349,5.088434701585348
2020-10-26T00:00:00.000000+0800,0.023028361701780797,52056130.16389349,5.205613016389349
2020-10-27T00:00:00.000000+0800,-0.008810234559427643,51597503.44689349,5.159750344689349
2020-10-28T00:00:00.000000+0800,0.0039868443676103205,51803214.66289349,5.180321466289349
2020-10-29T00:00:00.000000+0800,0.007013057775741238,52166513.60029349,5.216651360029348
2020-10-30T00:00:00.000000+0800,-0.031098444903377098,50544216.15129349,5.054421615129349
2020-11-02T00:00:00.000000+0800,0.014270432305072633,51265503.966293484,5.126550396629348
2020-11-03T00:00:00.000000+0800,0.019741497814698583,52277561.80081349,5.227756180081348
2020-11-04T00:00:00.000000+0800,-0.0016341272442180754,52192133.61281349,5.219213361281349
2020-11-05T00:00:00.000000+0800,0.023588651848058362,53423275.681813486,5.342327568181348
2020-11-06T00:00:00.000000+0800,-0.003911742253407735,53214297.59701349,5.321429759701348
2020-11-09T00:00:00.000000+0800,0.021442723864197655,54355357.08601349,5.435535708601349
2020-11-10T00:00:00.000000+0800,-0.00513589146987381,54076193.87121349,5.407619387121349
2020-11-11T00:00:00.000000+0800,-0.011923092304453542,53431438.42021348,5.343143842021348
2020-11-12T00:00:00.000000+0800,0.0022835264796809973,53553450.52469348,5.355345052469348
2020-11-13T00:00:00.000000+0800,-0.0005253077029466757,53525318.484613486,5.352531848461348
2020-11-16T00:00:00.000000+0800,0.005413490453556102,53815077.28525349,5.3815077285253485
2020-11-17T00:00:00.000000+0800,-0.008952892391962175,53333276.68925349,5.333327668925349
2020-11-18T00:00:00.000000+0800,0.01376226479157805,54067263.365253486,5.406726336525348
2020-11-19T00:00:00.000000+0800,0.008288791965158193,54515415.66341349,5.451541566341349
2020-11-20T00:00:00.000000+0800,-0.00040090596125941236,54493560.10829349,5.449356010829349
2020-11-23T00:00:00.000000+0800,-0.0011078750949657934,54433188.050213486,5.443318805021348
2020-11-24T00:00:00.000000+0800,-0.0009676233174403803,54380517.22821348,5.438051722821348
2020-11-25T00:00:00.000000+0800,-0.003545462029919233,54187713.16921348,5.418771316921348
2020-11-26T00:00:00.000000+0800,-0.0026570019116768373,54043736.311733484,5.404373631173348
2020-11-27T00:00:00.000000+0800,-0.0037728341509157826,53839838.25773349,5.383983825773348
2020-11-30T00:00:00.000000+0800,0.0010631232346203223,53897076.64073349,5.389707664073349
2020-12-01T00:00:00.000000+0800,0.03360281755302541,55708170.27373348,5.570817027373348
2020-12-02T00:00:00.000000+0800,0.007755918431299191,56140238.29833348,5.614023829833348
2020-12-03T00:00:00.000000+0800,-0.0025638207881327757,55996304.78833348,5.599630478833348
2020-12-04T00:00:00.000000+0800,0.0020699066561291612,56112211.91233349,5.611221191233349
2020-12-07T00:00:00.000000+0800,-0.015712797320795113,55230532.09933349,5.523053209933349
2020-12-08T00:00:00.000000+0800,0.0014679799726387,55311609.414333485,5.531160941433348
2020-12-09T00:00:00.000000+0800,-0.02163610682588235,54114881.524333484,5.411488152433348
2020-12-10T00:00:00.000000+0800,0.004871313538429511,54378492.079333484,5.437849207933348
2020-12-11T00:00:00.000000+0800,-0.023038270450241538,53125705.67213348,5.312570567213348
2020-12-14T00:00:00.000000+0800,0.009578886382057616,53634590.77073348,5.363459077073348
2020-12-15T00:00:00.000000+0800,-0.0027038238926797575,53489572.28273347,5.348957228273346
2020-12-16T00:00:00.000000+0800,-0.019832330540852205,52428749.404733494,5.2428749404733495
2020-12-17T00:00:00.000000+0800,0.005069135255322488,52694517.82673349,5.269451782673349
2020-12-18T00:00:00.000000+0800,-0.0026916353322818942,52552683.4007335,5.25526834007335
2020-12-21T00:00:00.000000+0800,0.008957362394046875,53023416.83073348,5.302341683073347
2020-12-22T00:00:00.000000+0800,-0.027026995951142996,51590353.15873348,5.159035315873347
2020-12-23T00:00:00.000000+0800,-0.0042803285978788574,51369529.49473348,5.136952949473348
2020-12-24T00:00:00.000000+0800,-0.0015062306928069757,51292155.132733464,5.129215513273346
2020-12-25T00:00:00.000000+0800,0.007172798628716892,51660063.43273347,5.166006343273347
2020-12-28T00:00:00.000000+0800,-0.000994466994158394,51608689.20473348,5.160868920473348
2020-12-29T00:00:00.000000+0800,0.0015118066977146682,51686711.56673348,5.168671156673348
2020-12-30T00:00:00.000000+0800,0.0017867097379713481,51779060.71761348,5.177906071761348
2020-12-31T00:00:00.000000+0800,0.014730725228094821,52541803.833613485,5.254180383361348
2021-01-04T00:00:00.000000+0800,0.006168135814794029,52865888.81561348,5.2865888815613475
2021-01-05T00:00:00.000000+0800,-0.01097462078928757,52285705.73317348,5.228570573317348
2021-01-06T00:00:00.000000+0800,-0.029094713106546655,50764468.12529348,5.076446812529348
2021-01-07T00:00:00.000000+0800,-0.03985775962443017,48741110.15729348,4.874111015729349
2021-01-08T00:00:00.000000+0800,0.0012849735633406745,48803741.19529348,4.880374119529348
2021-01-11T00:00:00.000000+0800,-0.0012514108858086015,48742667.6622935,4.87426676622935
2021-01-12T00:00:00.000000+0800,0.0073668524564112214,49101747.7032935,4.91017477032935
2021-01-13T00:00:00.000000+0800,0.001787294528298844,49189506.988293506,4.9189506988293505
2021-01-14T00:00:00.000000+0800,0.008649421859447282,49614967.78529349,4.961496778529349
2021-01-15T00:00:00.000000+0800,0.03727750192328516,51464489.842333496,5.146448984233349
2021-01-18T00:00:00.000000+0800,0.024618842936587226,52731486.03457349,5.273148603457349
2021-01-19T00:00:00.000000+0800,0.016695207118244015,53611849.11557349,5.361184911557348
2021-01-20T00:00:00.000000+0800,0.005034239007466024,53881743.97765349,5.388174397765349
2021-01-21T00:00:00.000000+0800,0.000014830726346337642,53882543.083053485,5.388254308305348
2021-01-22T00:00:00.000000+0800,-0.014232076923651693,53115682.58505349,5.311568258505349
2021-01-25T00:00:00.000000+0800,-0.03711691653332472,51144192.22793349,5.114419222793349
2021-01-26T00:00:00.000000+0800,0.01246208708741503,51781555.605493486,5.178155560549349
2021-01-27T00:00:00.000000+0800,0.023311547134592825,52988663.779693484,5.298866377969349
2021-01-28T00:00:00.000000+0800,0.0005751305095502701,53019139.17689349,5.301913917689348
2021-01-29T00:00:00.000000+0800,-0.023699170497804123,51762629.557893485,5.1762629557893485
2021-02-01T00:00:00.000000+0800,-0.012218284434190818,51130179.02689349,5.113017902689348
2021-02-02T00:00:00.000000+0800,-0.0015800227485515128,51049392.18089349,5.104939218089348
2021-02-03T00:00:00.000000+0800,-0.021413262514986986,49956258.14489349,4.995625814489348
2021-02-04T00:00:00.000000+0800,-0.018924188271627673,49010876.51041349,4.901087651041348
2021-02-05T00:00:00.000000+0800,0.006218274826716108,49315639.61005349,4.931563961005349
2021-02-08T00:00:00.000000+0800,-0.01609442922439952,48521932.53869349,4.852193253869348
2021-02-09T00:00:00.000000+0800,0.014957515808366573,49247700.11169349,4.924770011169349
2021-02-10T00:00:00.000000+0800,0.01201660178359254,49839490.11269349,4.983949011269349
2021-02-18T00:00:00.000000+0800,0.0482786912024844,52245675.46553349,5.224567546553349
2021-02-19T00:00:00.000000+0800,0.04816747723933945,54762217.84937349,5.476221784937349
2021-02-22T00:00:00.000000+0800,0.02340360018005838,56043850.90089349,5.604385090089348
2021-02-23T00:00:00.000000+0800,-0.0040397576711915795,55817447.32429349,5.581744732429349
2021-02-24T00:00:00.000000+0800,0.017046075476581102,56768915.74429349,5.676891574429349
2021-02-25T00:00:00.000000+0800,-0.011328834253182873,56125790.10709348,5.612579010709348
2021-02-26T00:00:00.000000+0800,0.020486132452943284,57275590.47725349,5.727559047725348
2021-03-01T00:00:00.000000+0800,0.033499448697992706,59194291.182093486,5.919429118209348
2021-03-02T00:00:00.000000+0800,-0.00531566206666878,58879634.333893485,5.8879634333893485
2021-03-03T00:00:00.000000+0800,0.005807921538044436,59221602.63029349,5.922160263029348
2021-03-04T00:00:00.000000+0800,-0.0011681450830007822,59152423.20637348,5.915242320637348
2021-03-05T00:00:00.000000+0800,0.016403097255624388,60122706.15713348,6.012270615713348
2021-03-08T00:00:00.000000+0800,-0.01100934808340226,59460794.35733349,5.946079435733348
2021-03-09T00:00:00.000000+0800,-0.0290730690648231,57732086.576333486,5.773208657633348
2021-03-10T00:00:00.000000+0800,-0.022906363641845506,56409654.40741348,5.640965440741348
2021-03-11T00:00:00.000000+0800,0.026514607290404335,57905334.24141348,5.790533424141348
2021-03-12T00:00:00.000000+0800,-0.003895850516629218,57679743.715093486,5.767974371509348
2021-03-15T00:00:00.000000+0800,0.0017811763434223415,57782481.51009348,5.778248151009348
2021-03-16T00:00:00.000000+0800,0.025945027261214726,59281649.568093486,5.928164956809348
2021-03-17T00:00:00.000000+0800,0.0019412557362765703,59396730.41037349,5.939673041037349
2021-03-18T00:00:00.000000+0800,-0.0010433421767804818,59334759.29637349,5.933475929637348
2021-03-19T00:00:00.000000+0800,0.002682853833532395,59493945.78281348,5.949394578281348
2021-03-22T00:00:00.000000+0800,0.017074497759962837,60509775.026813485,6.050977502681349
2021-03-23T00:00:00.000000+0800,-0.009589687398818936,59929505.19973348,5.9929505199733475
2021-03-24T00:00:00.000000+0800,0.001656264501253446,60028764.31177348,6.002876431177348
2021-03-25T00:00:00.000000+0800,-0.0025280427265139682,59877009.030773476,5.987700903077347
2021-03-26T00:00:00.000000+0800,0.008009959995722182,60356621.47777347,6.035662147777347
2021-03-29T00:00:00.000000+0800,-0.008172928138160507,59863331.147773474,5.986333114777347
2021-03-30T00:00:00.000000+0800,-0.012312011762603214,59126293.110533476,5.912629311053347
2021-03-31T00:00:00.000000+0800,0.0030613652992184104,59307300.29253348,5.930730029253348
2021-04-01T00:00:00.000000+0800,-0.0016669079272260134,59208440.48353348,5.920844048353348
2021-04-02T00:00:00.000000+0800,0.00987157586362275,59792921.095533475,5.979292109553347
2021-04-06T00:00:00.000000+0800,0.020816726496625026,61037613.98041348,6.103761398041348
2021-04-07T00:00:00.000000+0800,0.01878515097211908,62184214.774013475,6.218421477401347
2021-04-08T00:00:00.000000+0800,-0.011289611404940891,61482179.153693475,6.148217915369347
2021-04-09T00:00:00.000000+0800,0.008999948287726767,62035515.58669347,6.203551558669347
2021-04-12T00:00:00.000000+0800,-0.009992304309194178,61415637.83697347,6.141563783697347
2021-04-13T00:00:00.000000+0800,0.002463424714103102,61566930.637053475,6.156693063705347
2021-04-14T00:00:00.000000+0800,0.013385015291050406,62391004.94505347,6.239100494505347
2021-04-15T00:00:00.000000+0800,-0.001832504976970517,62276673.11797347,6.2276673117973464
2021-04-16T00:00:00.000000+0800,0.02808669716840062,64025819.176493466,6.402581917649346
2021-04-19T00:00:00.000000+0800,0.012110564432491921,64801207.98497347,6.480120798497347
2021-04-20T00:00:00.000000+0800,-0.002533651441776641,64637024.31093347,6.463702431093346
2021-04-21T00:00:00.000000+0800,-0.006841515117291586,64194809.131973475,6.419480913197347
2021-04-22T00:00:00.000000+0800,0.005560578757484169,64551769.42397347,6.455176942397347
2021-04-23T00:00:00.000000+0800,-0.01823491769139396,63374673.22169347,6.3374673221693465
2021-04-26T00:00:00.000000+0800,-0.008482337764796344,62837107.837693475,6.283710783769347
2021-04-27T00:00:00.000000+0800,-0.009373344815954199,62248113.958693475,6.224811395869347
2021-04-28T00:00:00.000000+0800,0.0007715307948423789,62296140.29553347,6.229614029553347
2021-04-29T00:00:00.000000+0800,0.012690240110697193,63086693.27385347,6.308669327385347
2021-04-30T00:00:00.000000+0800,-0.02215923300864131,61688740.53785347,6.168874053785347
2021-05-06T00:00:00.000000+0800,0.0025566167768205084,61846455.00685347,6.184645500685346
2021-05-07T00:00:00.000000+0800,-0.0023074741856130565,61703745.90845347,6.170374590845347
2021-05-10T00:00:00.000000+0800,0.014571521514009422,62602863.369453475,6.260286336945347
2021-05-11T00:00:00.000000+0800,0.009875085871897227,63221072.02105347,6.322107202105347
2021-05-12T00:00:00.000000+0800,0.014561392372679727,64141658.85697347,6.414165885697346
2021-05-13T00:00:00.000000+0800,-0.0013352531120370825,64056013.507373475,6.4056013507373475
2021-05-14T00:00:00.000000+0800,0.015279917113282915,65034784.084373474,6.503478408437347
2021-05-17T00:00:00.000000+0800,-0.022592973041222875,63565454.96081347,6.356545496081346
2021-05-18T00:00:00.000000+0800,0.006862389179608908,64001665.85113348,6.400166585113348
2021-05-19T00:00:00.000000+0800,0.011163126521765987,64716124.54463348,6.471612454463347
2021-05-20T00:00:00.000000+0800,-0.0020294063559700426,64584789.23014885,6.4584789230148845
2021-05-21T00:00:00.000000+0800,0.012814203103669097,65412391.83675164,6.541239183675164
2021-05-24T00:00:00.000000+0800,0.006216655713080055,65819038.15616982,6.581903815616982
2021-05-25T00:00:00.000000+0800,-0.0014920634140536126,65720831.9773888,6.57208319773888
2021-05-26T00:00:00.000000+0800,0.006751376519528174,66164538.0592448,6.616453805924479
2021-05-27T00:00:00.000000+0800,0.005594504037019998,66534695.8345248,6.65346958345248
2021-05-28T00:00:00.000000+0800,-0.004923357261729766,66207121.75663091,6.620712175663091
2021-05-31T00:00:00.000000+0800,0.01192984490243143,66996962.45062391,6.69969624506239
2021-06-01T00:00:00.000000+0800,0.007586039789021504,67505204.07351792,6.750520407351791
2021-06-02T00:00:00.000000+0800,0.001037954278809039,67575271.3889279,6.75752713889279
2021-06-03T00:00:00.000000+0800,-0.003781293908692307,67319749.42684673,6.731974942684673
2021-06-04T00:00:00.000000+0800,-0.00020003454343819893,67306283.15150575,6.730628315150575
2021-06-07T00:00:00.000000+0800,0.007948047266036262,67841236.67129514,6.7841236671295135
2021-06-08T00:00:00.000000+0800,0.005285778305183841,68199830.4082891,6.819983040828911
2021-06-09T00:00:00.000000+0800,0.016729436364124384,69340775.13114865,6.934077513114865
2021-06-10T00:00:00.000000+0800,0.008336169078096534,69918811.55664818,6.991881155664817
2021-06-11T00:00:00.000000+0800,0.00102019808833953,69990142.59453724,6.999014259453724
2021-06-15T00:00:00.000000+0800,0.011392567332506598,70787510.00665724,7.078751000665724
2021-06-16T00:00:00.000000+0800,-0.0033887431137136215,70547629.31958525,7.054762931958525
2021-06-17T00:00:00.000000+0800,0.007731807643866384,71093090.01921508,7.109309001921507
2021-06-18T00:00:00.000000+0800,0.023881505998615715,72790900.07496908,7.279090007496908
2021-06-21T00:00:00.000000+0800,0.016205192775307298,73970490.64297208,7.3970490642972075
2021-06-22T00:00:00.000000+0800,0.0046220337576641235,74312384.74779488,7.431238474779488
2021-06-23T00:00:00.000000+0800,0.004607204781625018,74654757.12213887,7.465475712213887
2021-06-24T00:00:00.000000+0800,0.001432073133248002,74761668.19408265,7.476166819408264
2021-06-25T00:00:00.000000+0800,-0.008543399103132288,74122949.42508465,7.412294942508464
2021-06-28T00:00:00.000000+0800,0.02239528308923755,75782953.86086866,7.578295386086866
2021-06-29T00:00:00.000000+0800,-0.005894565871081392,75336246.24743065,7.533624624743065
2021-06-30T00:00:00.000000+0800,0.012849862718719018,76304306.66945376,7.630430666945375
2021-07-01T00:00:00.000000+0800,-0.015387053162560727,75130208.24619853,7.513020824619853
2021-07-02T00:00:00.000000+0800,0.018309718059323465,76505821.17692469,7.650582117692469
2021-07-05T00:00:00.000000+0800,0.027985086594101816,78646843.2075138,7.864684320751379
2021-07-06T00:00:00.000000+0800,0.004240353937271513,78980333.65876275,7.898033365876275
2021-07-07T00:00:00.000000+0800,0.017516029602876904,80363755.52117474,8.036375552117475
2021-07-08T00:00:00.000000+0800,-0.013565799173817727,79273556.9529207,7.9273556952920705
2021-07-09T00:00:00.000000+0800,0.005584998794275542,79716299.6729207,7.97162996729207
2021-07-12T00:00:00.000000+0800,0.01327862308390082,80774822.3699207,8.07748223699207
2021-07-13T00:00:00.000000+0800,0.010414573493550128,81616057.6939207,8.16160576939207
2021-07-14T00:00:00.000000+0800,-0.009933814668791285,80805298.90279192,8.080529890279191
2021-07-15T00:00:00.000000+0800,-0.020873953751635144,79118572.83060798,7.911857283060797
2021-07-16T00:00:00.000000+0800,-0.0025209542414271757,78919118.528855,7.8919118528854995
2021-07-19T00:00:00.000000+0800,-0.0012487720222361665,78820566.54161662,7.882056654161661
2021-07-20T00:00:00.000000+0800,0.0012596485533888924,78919852.75423805,7.891985275423805
2021-07-21T00:00:00.000000+0800,0.02447114993360011,80851112.30372466,8.085111230372465
2021-07-22T00:00:00.000000+0800,0.00941090480614637,81611994.42508607,8.161199442508606
2021-07-23T00:00:00.000000+0800,-0.007617006179106212,80990355.359261,8.0990355359261
2021-07-26T00:00:00.000000+0800,0.006087477683200948,81483382.34006502,8.148338234006502
2021-07-27T00:00:00.000000+0800,-0.026326527426402846,79338207.84009323,7.933820784009322
2021-07-28T00:00:00.000000+0800,-0.02478071524011305,77372150.30394697,7.7372150303946965
2021-07-29T00:00:00.000000+0800,0.029108744610463866,79624356.46710698,7.962435646710698
2021-07-30T00:00:00.000000+0800,0.020962136322493885,81293453.08196132,8.12934530819613
2021-08-02T00:00:00.000000+0800,0.03520938608445334,84155745.6576625,8.41557456576625
2021-08-03T00:00:00.000000+0800,0.005514061652874824,84619785.6276625,8.46197856276625
2021-08-04T00:00:00.000000+0800,0.011252585940004112,85571977.03766249,8.55719770376625
2021-08-05T00:00:00.000000+0800,-0.01237670074227526,84512878.2859425,8.45128782859425
2021-08-06T00:00:00.000000+0800,3.3294797869842796e-6,84513159.6698625,8.451315966986249
2021-08-09T00:00:00.000000+0800,0.018627967669766488,86087468.0758625,8.608746807586249
2021-08-10T00:00:00.000000+0800,0.014160120854359137,87306477.02786249,8.730647702786248
2021-08-11T00:00:00.000000+0800,0.008977426304692893,88090264.49130249,8.809026449130249
2021-08-12T00:00:00.000000+0800,0.0028464274381281296,88341007.0371825,8.83410070371825
2021-08-13T00:00:00.000000+0800,0.0054472457059207,88822222.2084225,8.88222222084225
2021-08-16T00:00:00.000000+0800,0.00621118734392212,89373913.6708625,8.93739136708625
2021-08-17T00:00:00.000000+0800,-0.02273067919663352,87342383.9106625,8.734238391066249
2021-08-18T00:00:00.000000+0800,0.011516855780223434,88348293.5496625,8.83482935496625
2021-08-19T00:00:00.000000+0800,-0.000041310321380994,88344643.8532625,8.83446438532625
2021-08-20T00:00:00.000000+0800,-0.006002246820087431,87814377.4956225,8.781437749562249
2021-08-23T00:00:00.000000+0800,0.040468073057594145,91368056.1396225,9.136805613962249
2021-08-24T00:00:00.000000+0800,0.004915709827006287,91817194.99106249,9.181719499106249
2021-08-25T00:00:00.000000+0800,0.006201471897888222,92386596.7455425,9.238659674554249
2021-08-26T00:00:00.000000+0800,-0.005705182117831664,91859514.3858625,9.18595143858625
2021-08-27T00:00:00.000000+0800,-0.01185497515287981,90770522.1252625,9.07705221252625
2021-08-30T00:00:00.000000+0800,-0.0003334236107868094,90740257.09002249,9.074025709002248
2021-08-31T00:00:00.000000+0800,0.0005199869441983029,90787440.8390225,9.078744083902249
2021-09-01T00:00:00.000000+0800,-0.00564733290620123,90274733.9369025,9.027473393690249
2021-09-02T00:00:00.000000+0800,0.016366953888479197,91752256.3445425,9.17522563445425
2021-09-03T00:00:00.000000+0800,0.009652363839362632,92637882.50586249,9.263788250586249
2021-09-06T00:00:00.000000+0800,0.006949993227222784,93281715.1618625,9.328171516186249
2021-09-07T00:00:00.000000+0800,0.019167340263603894,95069677.5367425,9.50696775367425
2021-09-08T00:00:00.000000+0800,0.015443151305868152,96537852.9515425,9.653785295154249
2021-09-09T00:00:00.000000+0800,-0.004300478581892531,96122693.9825825,9.612269398258249
2021-09-10T00:00:00.000000+0800,-0.002976301247360369,95836603.8885825,9.583660388858249
2021-09-13T00:00:00.000000+0800,0.012028617094781424,96989385.7004225,9.69893857004225
2021-09-14T00:00:00.000000+0800,-0.0027004407806953123,96727471.60798249,9.672747160798249
2021-09-15T00:00:00.000000+0800,0.007682180694348784,97470549.5229825,9.74705495229825
2021-09-16T00:00:00.000000+0800,0.00014498822535791156,97484681.6049825,9.748468160498248
2021-09-17T00:00:00.000000+0800,-0.0007483376899728444,97411730.14354248,9.741173014354247
2021-09-22T00:00:00.000000+0800,0.005230925508141082,97921283.64754249,9.792128364754248
2021-09-23T00:00:00.000000+0800,0.009244255316935845,98826492.99454248,9.882649299454247
2021-09-24T00:00:00.000000+0800,-0.028142677595101806,96045250.86434248,9.604525086434247
2021-09-27T00:00:00.000000+0800,-0.03252116910404801,92921747.01934248,9.292174701934249
2021-09-28T00:00:00.000000+0800,-0.0001822136748726999,92904815.40634249,9.290481540634248
2021-09-29T00:00:00.000000+0800,-0.02192622947142664,90867763.1047425,9.08677631047425
2021-09-30T00:00:00.000000+0800,0.025655429911626504,93199014.6323025,9.319901463230249
2021-10-08T00:00:00.000000+0800,0.03246541441384809,96224759.2653025,9.62247592653025
2021-10-11T00:00:00.000000+0800,-0.005184099402365416,95725920.54830249,9.572592054830249
2021-10-12T00:00:00.000000+0800,-0.010129005262171753,94756312.1953425,9.475631219534248
2021-10-13T00:00:00.000000+0800,-0.0010140904158649766,94660220.72730249,9.466022072730249
2021-10-14T00:00:00.000000+0800,0.005727317164850199,95202369.83430248,9.520236983430248
2021-10-15T00:00:00.000000+0800,-0.012824615617499924,93981436.03530249,9.398143603530249
2021-10-18T00:00:00.000000+0800,0.015881182496927826,95473972.37230249,9.547397237230248
2021-10-19T00:00:00.000000+0800,0.012401893067387482,96658030.36838248,9.665803036838248
2021-10-20T00:00:00.000000+0800,-0.0001134284900924376,96647066.5939425,9.664706659394248
2021-10-21T00:00:00.000000+0800,0.0005982326110622882,96704884.0209425,9.670488402094248
2021-10-22T00:00:00.000000+0800,0.0025178868519946107,96948375.9769425,9.69483759769425
2021-10-25T00:00:00.000000+0800,0.0015299927771381672,97096706.29194249,9.70967062919425
2021-10-26T00:00:00.000000+0800,0.0006299909524847269,97157876.33842249,9.715787633842249
2021-10-27T00:00:00.000000+0800,-0.02259211597374078,94962874.32842249,9.496287432842248
2021-10-28T00:00:00.000000+0800,-0.015199916537993574,93519446.56442249,9.351944656442248
2021-10-29T00:00:00.000000+0800,0.02637668489901457,95986179.53838249,9.598617953838248
2021-11-01T00:00:00.000000+0800,0.010808554543887627,97023651.3953825,9.70236513953825
2021-11-02T00:00:00.000000+0800,-0.023434141980232748,94749985.3731425,9.47499853731425
2021-11-03T00:00:00.000000+0800,0.01179736088188199,95867785.1441425,9.586778514414249
2021-11-04T00:00:00.000000+0800,0.0101048156327328,96836511.4381425,9.683651143814249
2021-11-05T00:00:00.000000+0800,0.0033093724199750874,97156979.5183425,9.71569795183425
2021-11-08T00:00:00.000000+0800,0.0029262098864066832,97441281.23234248,9.744128123234248
2021-11-09T00:00:00.000000+0800,0.01715412344439904,99112800.99918249,9.91128009991825
2021-11-10T00:00:00.000000+0800,0.011374676625366398,100240177.0599825,10.024017705998249
2021-11-11T00:00:00.000000+0800,0.01765018053091927,102009434.2815425,10.200943428154249
2021-11-12T00:00:00.000000+0800,0.01001569041330197,103031129.1945425,10.30311291945425
2021-11-15T00:00:00.000000+0800,0.022057558315495607,105303744.33506249,10.530374433506248
2021-11-16T00:00:00.000000+0800,-0.01055434145269929,104192332.66110249,10.419233266110249
2021-11-17T00:00:00.000000+0800,0.020799274127481393,106359457.55010249,10.635945755010248
2021-11-18T00:00:00.000000+0800,-0.016175229327298646,104639068.93310249,10.463906893310249
2021-11-19T00:00:00.000000+0800,0.01550271236680345,106261258.3211025,10.62612583211025
2021-11-22T00:00:00.000000+0800,0.00011130695407590707,106273085.9381025,10.62730859381025
2021-11-23T00:00:00.000000+0800,0.0031163229180424246,106604267.1913825,10.660426719138249
2021-11-24T00:00:00.000000+0800,0.007586766252311694,107413048.8480625,10.74130488480625
2021-11-25T00:00:00.000000+0800,0.0019154935707208498,107618797.85254249,10.761879785254248
2021-11-26T00:00:00.000000+0800,-0.004040908659431852,107183920.1203825,10.71839201203825
2021-11-29T00:00:00.000000+0800,-0.010906085359511986,106014963.1383825,10.601496313838249
2021-11-30T00:00:00.000000+0800,0.014089307931469008,107508640.5993825,10.75086405993825
2021-12-01T00:00:00.000000+0800,0.02478007298564333,110172712.5600225,11.01727125600225
2021-12-02T00:00:00.000000+0800,-0.009206328330415015,109158426.3951425,10.91584263951425
2021-12-03T00:00:00.000000+0800,-0.0006649752419225496,109085838.7441425,10.90858387441425
2021-12-06T00:00:00.000000+0800,-0.028155303991416747,106014493.7931425,10.60144937931425
2021-12-07T00:00:00.000000+0800,0.0032015990253397852,106353909.6931425,10.63539096931425
2021-12-08T00:00:00.000000+0800,-0.0005172230448200477,106298901.0001425,10.629890100014249
2021-12-09T00:00:00.000000+0800,0.013817119294563751,107767645.5961425,10.77676455961425
2021-12-10T00:00:00.000000+0800,0.008296617961486064,108661752.58026251,10.866175258026251
2021-12-13T00:00:00.000000+0800,-0.0010822643655884479,108544151.8375425,10.85441518375425
2021-12-14T00:00:00.000000+0800,0.00828634203513956,109443585.80558251,10.94435858055825
2021-12-15T00:00:00.000000+0800,0.01528189908699673,111116091.6395825,11.11160916395825
2021-12-16T00:00:00.000000+0800,0.02579916695970974,113982794.23970251,11.39827942397025
2021-12-17T00:00:00.000000+0800,-0.002967851098724661,113644510.2785825,11.36445102785825
2021-12-20T00:00:00.000000+0800,-0.00021562258607943363,113620005.9553825,11.36200059553825
2021-12-21T00:00:00.000000+0800,0.021654826799482718,116080427.5053025,11.60804275053025
2021-12-22T00:00:00.000000+0800,0.0039328431672009945,116536953.62146251,11.65369536214625
2021-12-23T00:00:00.000000+0800,-0.0245218347227647,113679253.7056625,11.36792537056625
2021-12-24T00:00:00.000000+0800,-0.01955730092455077,111455994.33206251,11.14559943320625
2021-12-27T00:00:00.000000+0800,0.011904333292716451,112782803.6360625,11.27828036360625
2021-12-28T00:00:00.000000+0800,0.013821897024570484,114341675.93406251,11.43416759340625
2021-12-29T00:00:00.000000+0800,0.005159703373074809,114931645.06506251,11.49316450650625
2021-12-30T00:00:00.000000+0800,0.01965799958506631,117190971.2960625,11.719097129606249
2021-12-31T00:00:00.000000+0800,0.004620554181704151,117732458.5285425,11.77324585285425
2022-01-04T00:00:00.000000+0800,0.03375600141363333,121706635.56506251,12.17066355650625
2022-01-05T00:00:00.000000+0800,-0.012418611871593654,120195208.0957825,12.01952080957825
2022-01-06T00:00:00.000000+0800,0.01813751254894247,122375250.19094251,12.237525019094251
2022-01-07T00:00:00.000000+0800,-0.021117021473605613,119791049.40482251,11.979104940482252
2022-01-11T00:00:00.000000+0800,0.019240251392164565,122095859.3099025,12.209585930990249
2022-01-12T00:00:00.000000+0800,0.013693273829675334,123767751.34490252,12.37677513449025
2022-01-13T00:00:00.000000+0800,-0.0010781245646788173,123634314.29186252,12.363431429186251
2022-01-14T00:00:00.000000+0800,-0.018131126668508912,121392684.87886252,12.139268487886252
2022-01-17T00:00:00.000000+0800,0.03968030430966052,126209583.5558225,12.62095835558225
2022-01-18T00:00:00.000000+0800,-0.024630081452927777,123101031.23270251,12.31010312327025
2022-01-19T00:00:00.000000+0800,0.02863953701293953,126626587.77302252,12.662658777302251
2022-01-20T00:00:00.000000+0800,-0.03403795938911225,122316477.12082252,12.231647712082252
2022-01-21T00:00:00.000000+0800,0.0036349492070542055,122761091.3023425,12.27610913023425
2022-01-24T00:00:00.000000+0800,0.002926959833185805,123120408.08566251,12.31204080856625
2022-01-25T00:00:00.000000+0800,-0.04365513042533453,117745570.61266251,11.77455706126625
2022-01-26T00:00:00.000000+0800,0.006061037033381567,118459230.87666251,11.84592308766625
2022-01-27T00:00:00.000000+0800,-0.04350632168434354,113305505.4716625,11.33055054716625
2022-01-28T00:00:00.000000+0800,0.030460298399738184,116756824.9786625,11.67568249786625
2022-02-07T00:00:00.000000+0800,0.012641210121890012,118232772.53638251,11.82327725363825
2022-02-08T00:00:00.000000+0800,0.03331336679758534,122171504.25538251,12.21715042553825
2022-02-09T00:00:00.000000+0800,0.022347564337530157,124901739.80694251,12.49017398069425
2022-02-10T00:00:00.000000+0800,0.0051606181434806775,125546309.99154252,12.55463099915425
2022-02-11T00:00:00.000000+0800,-0.022216644133530417,122757092.30018252,12.275709230018252
2022-02-14T00:00:00.000000+0800,0.019649314917476346,125169185.06514251,12.516918506514251
2022-02-15T00:00:00.000000+0800,-0.002618608561759217,124841415.9654625,12.48414159654625
2022-02-16T00:00:00.000000+0800,0.030073500027896882,128595834.29198252,12.859583429198251
2022-02-17T00:00:00.000000+0800,0.01034561194089112,129926236.89078252,12.992623689078252
2022-02-18T00:00:00.000000+0800,0.014694443819263991,131835430.67942251,13.183543067942251
2022-02-21T00:00:00.000000+0800,0.014003257716729722,133681556.19142252,13.368155619142252
2022-02-22T00:00:00.000000+0800,-0.0098283568162435,132367686.15742251,13.236768615742251
2022-02-23T00:00:00.000000+0800,0.008504521705253731,133493410.01742251,13.34934100174225
2022-02-24T00:00:00.000000+0800,-0.018091944276835803,131078254.6820625,13.10782546820625
2022-02-25T00:00:00.000000+0800,0.014751401546275078,133011842.65086251,13.30118426508625
2022-02-28T00:00:00.000000+0800,-0.005843539383483365,132234582.7098625,13.22345827098625
2022-03-01T00:00:00.000000+0800,0.01391122978045889,134074128.3748625,13.40741283748625
2022-03-02T00:00:00.000000+0800,0.01871483798861262,136583303.9658625,13.658330396586251
2022-03-03T00:00:00.000000+0800,0.002021870835318129,136859457.7647425,13.685945776474249
2022-03-04T00:00:00.000000+0800,-0.009094364328254834,135614807.9940625,13.561480799406251
2022-03-07T00:00:00.000000+0800,-0.006349800694609331,134753680.9920625,13.47536809920625
2022-03-08T00:00:00.000000+0800,-0.03468635794279584,130079566.5790625,13.00795665790625
2022-03-09T00:00:00.000000+0800,-0.012660596351226516,128432681.6930625,12.84326816930625
2022-03-10T00:00:00.000000+0800,0.022102133994087003,131271318.0330625,13.12713180330625
2022-03-11T00:00:00.000000+0800,0.01593245480595562,133362792.37494251,13.336279237494251
2022-03-14T00:00:00.000000+0800,-0.032703248397335405,129001395.8489425,12.90013958489425
2022-03-15T00:00:00.000000+0800,-0.0531023816519125,122151114.49294251,12.21511144929425
2022-03-16T00:00:00.000000+0800,0.03808628310361262,126803396.42094252,12.680339642094252
2022-03-17T00:00:00.000000+0800,0.013532765781000267,128519397.08494245,12.851939708494244
2022-03-18T00:00:00.000000+0800,0.026684723090735885,131948901.60794248,13.194890160794246
2022-03-21T00:00:00.000000+0800,0.023714821580990364,135078046.26738247,13.507804626738247
2022-03-22T00:00:00.000000+0800,-0.00004757573253066916,135071619.8303825,13.50716198303825
2022-03-23T00:00:00.000000+0800,-0.0005759324134685384,134993827.70638248,13.499382770638247
2022-03-24T00:00:00.000000+0800,-0.012429239391962721,133315957.10538249,13.331595710538249
2022-03-25T00:00:00.000000+0800,0.010734386492599501,134747022.11458248,13.474702211458247
2022-03-28T00:00:00.000000+0800,0.007425987451575189,135747651.80994248,13.574765180994248
2022-03-29T00:00:00.000000+0800,-0.0073303378536020425,134752575.65934247,13.475257565934246
2022-03-30T00:00:00.000000+0800,0.013870051375974857,136621600.80678248,13.662160080678248
2022-03-31T00:00:00.000000+0800,0.005689247082525828,137398874.85058248,13.739887485058247
2022-04-01T00:00:00.000000+0800,-0.004714694008262188,136751081.19858247,13.675108119858246
2022-04-06T00:00:00.000000+0800,0.035589542052194556,141617989.5535825,14.161798955358249
2022-04-07T00:00:00.000000+0800,-0.02197080942561147,138506527.6938625,13.85065276938625
2022-04-08T00:00:00.000000+0800,-0.012615059398947248,136759259.6198625,13.675925961986248
2022-04-11T00:00:00.000000+0800,-0.026695811955607884,133108360.14186248,13.310836014186247
2022-04-12T00:00:00.000000+0800,0.027326402211877765,136745732.7288625,13.67457327288625
2022-04-13T00:00:00.000000+0800,-0.007953219065610084,135658163.9601825,13.565816396018247
2022-04-14T00:00:00.000000+0800,0.0047799892765048035,136306608.5291825,13.630660852918249
2022-04-15T00:00:00.000000+0800,-0.002488956180927704,135967347.3533825,13.596734735338249
2022-04-18T00:00:00.000000+0800,0.0284930694347596,139841474.4223825,13.98414744223825
2022-04-19T00:00:00.000000+0800,0.014941301652248384,141930888.0752225,14.19308880752225
2022-04-20T00:00:00.000000+0800,0.0037653451141428373,142465306.8511825,14.246530685118248
2022-04-21T00:00:00.000000+0800,-0.034782955213765177,137509942.4634625,13.750994246346249
2022-04-22T00:00:00.000000+0800,-0.0033376518612241446,137050982.1480625,13.705098214806249
2022-04-25T00:00:00.000000+0800,-0.07250915522914037,127113531.20918249,12.711353120918249
2022-04-26T00:00:00.000000+0800,-0.053965252501021466,120253817.40118249,12.025381740118249
2022-04-27T00:00:00.000000+0800,-0.014847974497501748,118468291.7871825,11.846829178718249
2022-04-28T00:00:00.000000+0800,0.0,118468291.7871825,11.846829178718249
2022-04-29T00:00:00.000000+0800,0.0,118468291.7871825,11.846829178718249
2022-05-05T00:00:00.000000+0800,0.0,118468291.7871825,11.846829178718249
2022-05-06T00:00:00.000000+0800,0.017117238363180354,120496141.7761825,12.049614177618249
2022-05-09T00:00:00.000000+0800,0.0380879315824465,125085590.5801025,12.508559058010249
2022-05-10T00:00:00.000000+0800,0.022930805811427035,127953903.9675025,12.79539039675025
2022-05-11T00:00:00.000000+0800,-0.002699231832799076,127608526.71678251,12.76085267167825
2022-05-12T00:00:00.000000+0800,0.02035799999169141,130206381.10262251,13.02063811026225
2022-05-13T00:00:00.000000+0800,0.023700411760985807,133292325.9486625,13.32923259486625
2022-05-16T00:00:00.000000+0800,0.00431037141226942,133866865.3799065,13.38668653799065
2022-05-17T00:00:00.000000+0800,-0.0023912719389935777,133546753.30116251,13.354675330116251
2022-05-18T00:00:00.000000+0800,0.015988056715755317,135681906.3671465,13.568190636714649
2022-05-19T00:00:00.000000+0800,0.012988737186871546,137444242.98996308,13.744424298996307
2022-05-20T00:00:00.000000+0800,0.007532262610605134,138479509.12247932,13.847950912247931
2022-05-23T00:00:00.000000+0800,0.026416868277344685,142137704.07407922,14.213770407407921
2022-05-24T00:00:00.000000+0800,-0.03436791854604482,137252727.03813943,13.725272703813943
2022-05-25T00:00:00.000000+0800,0.02441530927229474,140603794.81724146,14.060379481724146
2022-05-26T00:00:00.000000+0800,0.0008048070781647709,140716953.7465272,14.07169537465272
2022-05-27T00:00:00.000000+0800,0.0055851692540094255,141502881.75011018,14.150288175011017
2022-05-30T00:00:00.000000+0800,0.010507385906381339,142989707.13552365,14.298970713552364
2022-05-31T00:00:00.000000+0800,0.01519768639287089,145162819.8619778,14.516281986197779
2022-06-01T00:00:00.000000+0800,0.017419520226269247,147691486.53866577,14.769148653866576
2022-06-02T00:00:00.000000+0800,0.013794256349658696,149728780.7646423,14.972878076464228
2022-06-06T00:00:00.000000+0800,0.0158579989790828,152103179.6171473,15.210317961714729
2022-06-07T00:00:00.000000+0800,-0.01614135594082755,149648028.0552153,14.96480280552153
2022-06-08T00:00:00.000000+0800,-0.002037558966334174,149343111.37385717,14.934311137385716
2022-06-09T00:00:00.000000+0800,-0.01886153987314776,146526270.3238992,14.65262703238992
2022-06-10T00:00:00.000000+0800,0.023265218949833466,149935236.0848872,14.99352360848872
2022-06-13T00:00:00.000000+0800,0.011728007321893053,151693677.6315005,15.169367763150051
2022-06-14T00:00:00.000000+0800,-0.00904836594280689,150321097.72508052,15.03210977250805
2022-06-15T00:00:00.000000+0800,-0.0053889456435756156,149511025.50035745,14.951102550035744
2022-06-16T00:00:00.000000+0800,0.017029005920161433,152057049.63873243,15.205704963873243
2022-06-17T00:00:00.000000+0800,0.018277642896872504,154836294.0919812,15.48362940919812
2022-06-20T00:00:00.000000+0800,0.022507934182477207,158321339.2084622,15.83213392084622
2022-06-21T00:00:00.000000+0800,0.014301826934613349,160585623.60187784,16.058562360187782
2022-06-22T00:00:00.000000+0800,0.0016589338134993525,160852024.52283287,16.085202452283287
2022-06-23T00:00:00.000000+0800,0.026539690612150002,165120987.48800683,16.512098748800682
2022-06-24T00:00:00.000000+0800,0.01345090605053234,167342014.37767914,16.734201437767915
2022-06-27T00:00:00.000000+0800,0.010618985451503304,169119016.79378095,16.911901679378094
2022-06-28T00:00:00.000000+0800,0.028246575960645393,173896049.94803613,17.389604994803612
2022-06-29T00:00:00.000000+0800,-0.02024532988924832,170375467.05040094,17.037546705040093
2022-06-30T00:00:00.000000+0800,0.005335117384076549,171284440.1664817,17.12844401664817
2022-07-01T00:00:00.000000+0800,0.011541182102044134,173261265.08168975,17.326126508168972
2022-07-04T00:00:00.000000+0800,0.010487004606640093,175078256.76675373,17.507825676675374
2022-07-05T00:00:00.000000+0800,-0.00960960695651425,173395823.53259355,17.339582353259352
2022-07-06T00:00:00.000000+0800,-0.004921502040055592,172542455.63334078,17.254245563334077
2022-07-07T00:00:00.000000+0800,0.002474778037234948,172969459.91303277,17.296945991303275
2022-07-08T00:00:00.000000+0800,0.02256265670195301,176872110.45697275,17.687211045697275
2022-07-11T00:00:00.000000+0800,-0.0021870546754069187,176485281.48084873,17.64852814808487
2022-07-12T00:00:00.000000+0800,-0.027739807132954875,171589613.81076473,17.158961381076473
2022-07-13T00:00:00.000000+0800,0.026015694888847474,176053636.84976074,17.605363684976073
2022-07-14T00:00:00.000000+0800,0.008545672818548011,177558133.62879428,17.755813362879426
2022-07-15T00:00:00.000000+0800,-0.023222808090051394,173434735.1667051,17.34347351667051
2022-07-18T00:00:00.000000+0800,0.03654272851462048,179772513.6089071,17.97725136089071
2022-07-19T00:00:00.000000+0800,0.016742007404110915,182782266.36280307,18.278226636280305
2022-07-20T00:00:00.000000+0800,0.00824960810949249,184290148.42966107,18.429014842966104
2022-07-21T00:00:00.000000+0800,0.004499522947425838,185119366.18150485,18.511936618150482
2022-07-22T00:00:00.000000+0800,0.017578879897251376,188373557.28626484,18.837355728626484
2022-07-25T00:00:00.000000+0800,0.006829928392363627,189660135.19354483,18.966013519354483
2022-07-26T00:00:00.000000+0800,0.009408044084641798,191444466.10654482,19.14444661065448
2022-07-27T00:00:00.000000+0800,0.007643939521686738,192907856.02722484,19.290785602722483
2022-07-28T00:00:00.000000+0800,0.006964692603345091,194251399.94522482,19.425139994522482
2022-07-29T00:00:00.000000+0800,-0.00045629961557547283,194162763.10610482,19.41627631061048
2022-08-01T00:00:00.000000+0800,0.003944472934707122,194928632.87010482,19.492863287010483
2022-08-02T00:00:00.000000+0800,-0.04998316073705067,185185483.68110484,18.518548368110483
2022-08-03T00:00:00.000000+0800,0.0016243459207525568,185486288.96610484,18.548628896610484
2022-08-04T00:00:00.000000+0800,0.020602422229161643,189307755.80910483,18.93077558091048
2022-08-05T00:00:00.000000+0800,0.006746536486798238,190584927.49090484,19.058492749090483
2022-08-08T00:00:00.000000+0800,0.012946799547502108,193052392.34390482,19.30523923439048
2022-08-09T00:00:00.000000+0800,0.006507184369733965,194308619.85390484,19.430861985390482
2022-08-10T00:00:00.000000+0800,0.012126380529549285,196664880.11842483,19.666488011842482
2022-08-11T00:00:00.000000+0800,0.02008203827659405,200614311.76862484,20.061431176862484
2022-08-12T00:00:00.000000+0800,0.0038110195143095105,201378856.82562482,20.13788568256248
2022-08-15T00:00:00.000000+0800,0.0021437763914502472,201810568.06462485,20.181056806462482
2022-08-16T00:00:00.000000+0800,0.004702545170459427,202759591.37682483,20.27595913768248
2022-08-17T00:00:00.000000+0800,0.002659220918027616,203298773.92354482,20.329877392354483
2022-08-18T00:00:00.000000+0800,0.0020320357577530146,203711884.30166483,20.37118843016648
2022-08-19T00:00:00.000000+0800,-0.014486604579386775,200760790.78566483,20.076079078566483
2022-08-22T00:00:00.000000+0800,0.009757136701515234,202719641.26566485,20.271964126566484
2022-08-23T00:00:00.000000+0800,0.012090380437226766,205170598.85066485,20.517059885066484
2022-08-24T00:00:00.000000+0800,-0.03135517867627058,198737438.06458482,19.87374380645848
2022-08-25T00:00:00.000000+0800,-0.010156352738209584,196718990.5413128,19.67189905413128
2022-08-26T00:00:00.000000+0800,-0.006955801073738277,195350652.37568083,19.535065237568084
2022-08-29T00:00:00.000000+0800,0.018893192694837913,199041449.89407685,19.904144989407683
2022-08-30T00:00:00.000000+0800,0.004887115369455186,200014188.42301285,20.001418842301284
2022-08-31T00:00:00.000000+0800,-0.02954437858661496,194104893.51754883,19.410489351754883
2022-09-01T00:00:00.000000+0800,0.010903933800023635,196221400.42672482,19.62214004267248
2022-09-02T00:00:00.000000+0800,0.026653139480241395,201451316.7813066,20.14513167813066
2022-09-05T00:00:00.000000+0800,0.007510712656013663,202964359.73582658,20.296435973582657
2022-09-06T00:00:00.000000+0800,0.002988871355491085,203570994.09682658,20.357099409682657
2022-09-07T00:00:00.000000+0800,-0.002688214984791548,203023751.50002658,20.302375150002657
2022-09-08T00:00:00.000000+0800,-0.006286483175343305,201747446.10202658,20.17474461020266
2022-09-09T00:00:00.000000+0800,-0.008810556789408341,199969938.77102658,19.996993877102657
2022-09-13T00:00:00.000000+0800,0.018851021918431243,203739576.46982658,20.373957646982657
2022-09-14T00:00:00.000000+0800,-0.005246167003779445,202670724.62638658,20.26707246263866
2022-09-15T00:00:00.000000+0800,-0.015779062755389428,199472770.54382658,19.947277054382656
2022-09-16T00:00:00.000000+0800,-0.030191027338825838,193450482.67498657,19.345048267498655
2022-09-19T00:00:00.000000+0800,-0.018631173996786488,189846273.07250658,18.98462730725066
2022-09-20T00:00:00.000000+0800,0.003197387676756147,190453285.2065067,19.04532852065067
2022-09-21T00:00:00.000000+0800,0.0,190453285.2065067,19.04532852065067
2022-09-22T00:00:00.000000+0800,-0.005439295493783747,189417353.51050663,18.941735351050664
2022-09-23T00:00:00.000000+0800,-0.020763144567331526,185484453.61600664,18.548445361600663
2022-09-26T00:00:00.000000+0800,-0.013532630661175493,182974361.01183128,18.297436101183127
2022-09-27T00:00:00.000000+0800,0.025284175107466833,187600716.79583126,18.760071679583124
2022-09-28T00:00:00.000000+0800,-0.0010940209584766603,187395477.6798314,18.739547767983137
2022-09-29T00:00:00.000000+0800,-0.022125216415754823,183249312.18083137,18.324931218083137
2022-09-30T00:00:00.000000+0800,-0.010430882589691604,181337860.12083137,18.133786012083135
2022-10-10T00:00:00.000000+0800,-0.01630686646478352,178380807.8508314,17.83808078508314
2022-10-11T00:00:00.000000+0800,0.009159437798747172,180014675.76483136,18.001467576483137
2022-10-12T00:00:00.000000+0800,0.02849126303357763,185143521.24195138,18.51435212419514
2022-10-13T00:00:00.000000+0800,0.019151318021905395,188689263.6969514,18.86892636969514
2022-10-14T00:00:00.000000+0800,0.020979299380582184,192647832.24995136,19.264783224995135
2022-10-17T00:00:00.000000+0800,0.025640335351561072,197587387.2735914,19.758738727359137
2022-10-18T00:00:00.000000+0800,0.0030997991376437994,198199868.48627138,19.81998684862714
2022-10-19T00:00:00.000000+0800,-0.0028737542860652887,197630290.76471138,19.76302907647114
2022-10-20T00:00:00.000000+0800,-0.004936004623711132,196654786.7357114,19.66547867357114
2022-10-21T00:00:00.000000+0800,0.0037822460228216226,197398583.5207114,19.73985835207114
2022-10-24T00:00:00.000000+0800,-0.021704924774956558,193114062.11471137,19.311406211471137
2022-10-25T00:00:00.000000+0800,-0.007277311054464719,191708711.0157114,19.170871101571137
2022-10-26T00:00:00.000000+0800,0.02700897074299169,196886565.98271137,19.688656598271137
2022-10-27T00:00:00.000000+0800,0.005760967799802064,198020823.1495514,19.80208231495514
2022-10-28T00:00:00.000000+0800,-0.03906453449674763,190285231.87255138,19.028523187255136
2022-10-31T00:00:00.000000+0800,0.02415161440420177,194880927.41955137,19.488092741955136
2022-11-01T00:00:00.000000+0800,0.025215761737528597,199794998.4525514,19.979499845255138
2022-11-02T00:00:00.000000+0800,0.01657271567179075,203106144.1545514,20.310614415455138
2022-11-03T00:00:00.000000+0800,0.0065170323408472175,204429793.46463138,20.442979346463137
2022-11-04T00:00:00.000000+0800,0.009626824146552249,206397803.1366314,20.639780313663138
2022-11-07T00:00:00.000000+0800,0.01718706931900682,209945176.4864314,20.99451764864314
2022-11-08T00:00:00.000000+0800,0.0027526275571154724,210523077.3647114,21.05230773647114
2022-11-09T00:00:00.000000+0800,0.004052789288282677,211376283.0375914,21.13762830375914
2022-11-10T00:00:00.000000+0800,0.0026747390723085296,211941659.4407914,21.19416594407914
2022-11-11T00:00:00.000000+0800,0.001732720957120737,212308895.1957914,21.23088951957914
2022-11-14T00:00:00.000000+0800,0.00765561551182814,213934250.4671514,21.39342504671514
2022-11-15T00:00:00.000000+0800,0.013172042054260258,216752201.41115138,21.675220141115137
2022-11-16T00:00:00.000000+0800,0.0055481178950467225,217954768.17859137,21.795476817859136
2022-11-17T00:00:00.000000+0800,0.013481642496723456,220893156.44363138,22.089315644363136
2022-11-18T00:00:00.000000+0800,-0.008409120358393807,219035639.30475137,21.903563930475137
2022-11-21T00:00:00.000000+0800,0.004723619091779208,220070280.23235136,22.007028023235137
2022-11-22T00:00:00.000000+0800,-0.006763944388258114,218581737.09535137,21.858173709535137
2022-11-23T00:00:00.000000+0800,-0.012471007016523372,215855802.71835136,21.585580271835134
2022-11-24T00:00:00.000000+0800,0.014885623514103496,219068950.93095136,21.906895093095134
2022-11-25T00:00:00.000000+0800,-0.009817732765780574,216918190.51343137,21.691819051343135
2022-11-28T00:00:00.000000+0800,-0.0038344533027463434,216086427.84139138,21.60864278413914
2022-11-29T00:00:00.000000+0800,0.01606557961867061,219557981.55239138,21.955798155239137
2022-11-30T00:00:00.000000+0800,-0.0012679276434939268,219279597.91823137,21.927959791823135
2022-12-01T00:00:00.000000+0800,0.013132016667933621,222159181.25303137,22.215918125303137
2022-12-02T00:00:00.000000+0800,0.013076382193411451,225064219.61487138,22.50642196148714
2022-12-05T00:00:00.000000+0800,0.009566929815874259,227217393.20799136,22.721739320799134
2022-12-06T00:00:00.000000+0800,-0.004492920584057258,226196523.50499135,22.619652350499134
2022-12-07T00:00:00.000000+0800,0.0001701216420295637,226235004.42899138,22.623500442899136
2022-12-08T00:00:00.000000+0800,0.002100668861034549,226710249.25807136,22.671024925807135
2022-12-09T00:00:00.000000+0800,-0.009110420639381278,224644823.52407137,22.464482352407135
2022-12-12T00:00:00.000000+0800,0.013975404723908902,227784325.85195136,22.778432585195134
2022-12-13T00:00:00.000000+0800,0.009812486358050432,230019456.44195136,23.001945644195136
2022-12-14T00:00:00.000000+0800,0.00036688096800752135,230103846.20279136,23.010384620279137
2022-12-15T00:00:00.000000+0800,0.0065992829240313355,231622366.58579138,23.162236658579136
2022-12-16T00:00:00.000000+0800,-0.016846582839463053,227720321.19963136,22.772032119963136
2022-12-19T00:00:00.000000+0800,-0.025702264357290394,221867393.30463135,22.186739330463134
2022-12-20T00:00:00.000000+0800,0.0011440435623251144,222121219.26763135,22.212121926763135
2022-12-21T00:00:00.000000+0800,-0.01014541880973907,219867706.47163135,21.986770647163134
2022-12-22T00:00:00.000000+0800,-0.013160019620131469,216974243.14063138,21.697424314063138
2022-12-23T00:00:00.000000+0800,-0.0023825462023385757,216457291.98163137,21.645729198163135
2022-12-26T00:00:00.000000+0800,0.021033533845495667,221010153.75863135,22.101015375863135
2022-12-27T00:00:00.000000+0800,0.002602419976179604,221585314.99771136,22.158531499771136
2022-12-28T00:00:00.000000+0800,-0.020610319813148203,217018370.78971136,21.701837078971135
2022-12-29T00:00:00.000000+0800,-0.00743892481141295,215403987.44671136,21.540398744671137
2022-12-30T00:00:00.000000+0800,0.009811607509460973,217517446.82751137,21.751744682751134
2023-01-03T00:00:00.000000+0800,0.029074858473375986,223841735.80951136,22.384173580951135
2023-01-04T00:00:00.000000+0800,0.008964752262588194,225848421.51707137,22.584842151707136
2023-01-05T00:00:00.000000+0800,0.003783750012596121,226702975.4848314,22.670297548483138
2023-01-06T00:00:00.000000+0800,-0.006838556692978837,225152654.33451137,22.515265433451138
2023-01-09T00:00:00.000000+0800,0.01052516729524866,227522423.6883514,22.752242368835137
2023-01-10T00:00:00.000000+0800,-0.003948933516068287,226623952.76379138,22.662395276379137
2023-01-11T00:00:00.000000+0800,-0.011739464414747713,223963508.9347914,22.396350893479138
2023-01-12T00:00:00.000000+0800,0.004301369372813779,224926858.7127514,22.49268587127514
2023-01-13T00:00:00.000000+0800,-0.003579753919154216,224121675.90875137,22.412167590875136
2023-01-16T00:00:00.000000+0800,0.012441329731155859,226910047.57863137,22.691004757863137
2023-01-17T00:00:00.000000+0800,-0.004187200761441634,225959929.65463138,22.595992965463136
2023-01-18T00:00:00.000000+0800,0.01385646854637268,229090936.31263137,22.909093631263136
2023-01-19T00:00:00.000000+0800,0.009385852825821495,231241150.12459135,23.124115012459136
2023-01-20T00:00:00.000000+0800,0.007432573663614717,232959867.00695136,23.295986700695135
2023-01-30T00:00:00.000000+0800,0.01858111719676958,237288521.59795138,23.72885215979514
2023-01-31T00:00:00.000000+0800,0.009611041316124558,239569111.3828714,23.956911138287136
2023-02-01T00:00:00.000000+0800,0.02254646549758066,244970548.08695138,24.497054808695136
2023-02-02T00:00:00.000000+0800,0.015266601254092516,248710415.76359138,24.871041576359136
2023-02-03T00:00:00.000000+0800,0.007753059088256631,250638682.31287137,25.063868231287135
2023-02-06T00:00:00.000000+0800,0.01690907248526652,254876749.95971137,25.487674995971137
2023-02-07T00:00:00.000000+0800,0.010327335993636444,257508947.7935114,25.75089477935114
2023-02-08T00:00:00.000000+0800,0.0050120900757006925,258799605.83515137,25.879960583515135
2023-02-09T00:00:00.000000+0800,0.008877044687090274,261096981.50115138,26.109698150115136
2023-02-10T00:00:00.000000+0800,0.006596059315961078,262819192.67835137,26.281919267835136
2023-02-13T00:00:00.000000+0800,0.014922713871508897,266741168.29063138,26.674116829063138
2023-02-14T00:00:00.000000+0800,-0.0003457259132176871,266648948.95663136,26.664894895663135
2023-02-15T00:00:00.000000+0800,0.009569555321573997,269200660.8251114,26.920066082511138
2023-02-16T00:00:00.000000+0800,-0.03188177307386253,260618066.44535136,26.061806644535135
2023-02-17T00:00:00.000000+0800,0.0005544535302977049,260762567.05235136,26.076256705235135
2023-02-20T00:00:00.000000+0800,0.008165350548081207,262891784.82215136,26.289178482215135
2023-02-21T00:00:00.000000+0800,0.0030817724964211646,263701957.49415135,26.370195749415135
2023-02-22T00:00:00.000000+0800,0.005297161504881798,265098829.35215136,26.509882935215135
2023-02-23T00:00:00.000000+0800,0.000856942405800698,265326003.78075135,26.532600378075134
2023-02-24T00:00:00.000000+0800,-0.0006247649207311579,265160237.40103135,26.516023740103133
2023-02-27T00:00:00.000000+0800,-0.00626729957812866,263498398.75703135,26.349839875703132
2023-02-28T00:00:00.000000+0800,0.016845823147081163,267937246.18203136,26.793724618203136
2023-03-01T00:00:00.000000+0800,0.025497907168152922,274769085.21207136,27.476908521207136
2023-03-02T00:00:00.000000+0800,0.004874522182749308,276108453.21307135,27.610845321307135
2023-03-03T00:00:00.000000+0800,-0.000654905602837319,275927628.24007136,27.592762824007135
2023-03-06T00:00:00.000000+0800,-0.012746886143419567,272410410.17907137,27.241041017907136
2023-03-07T00:00:00.000000+0800,-0.025971354415674774,265335542.86979136,26.533554286979136
2023-03-08T00:00:00.000000+0800,0.024941351882915797,271953370.0115513,27.19533700115513
2023-03-09T00:00:00.000000+0800,0.02988954291191459,280081931.93455136,28.008193193455135
2023-03-10T00:00:00.000000+0800,0.005811589875566625,281709653.25451136,28.170965325451135
2023-03-13T00:00:00.000000+0800,-0.007316549089419699,279648510.7475113,27.96485107475113
2023-03-14T00:00:00.000000+0800,-0.017391017042644008,274785138.73115134,27.478513873115133
2023-03-15T00:00:00.000000+0800,0.01595405830986074,279169076.8571513,27.91690768571513
2023-03-16T00:00:00.000000+0800,-0.015532340371705033,274832927.73415136,27.483292773415133
2023-03-17T00:00:00.000000+0800,0.004516273163602147,276074148.31015134,27.607414831015134
2023-03-20T00:00:00.000000+0800,0.0032001732649282744,276957633.4187113,27.695763341871128
2023-03-21T00:00:00.000000+0800,0.031228082122309653,285606489.13951135,28.560648913951134
2023-03-22T00:00:00.000000+0800,0.017217366315924076,290523880.6852313,29.052388068523133
2023-03-23T00:00:00.000000+0800,-0.007664251653765053,288297232.5522313,28.82972325522313
2023-03-24T00:00:00.000000+0800,0.008884944157540486,290858737.36423135,29.085873736423135
2023-03-27T00:00:00.000000+0800,-0.007244159470999434,288751710.2872313,28.87517102872313
2023-03-28T00:00:00.000000+0800,-0.009201067323054701,286094886.3612313,28.60948863612313
2023-03-29T00:00:00.000000+0800,-0.007586719016918986,283924364.8462313,28.392436484623126
2023-03-30T00:00:00.000000+0800,-0.007956726303582462,281665256.3842313,28.16652563842313
2023-03-31T00:00:00.000000+0800,0.008069428818368252,283938134.1212313,28.39381341212313
2023-04-03T00:00:00.000000+0800,0.004536364718978003,285226181.05523133,28.522618105523133
2023-04-04T00:00:00.000000+0800,-0.022597584829535444,278780758.2332313,27.87807582332313
2023-04-06T00:00:00.000000+0800,-0.006098074464586101,277080732.4102313,27.70807324102313
2023-04-07T00:00:00.000000+0800,0.0073806660239810196,279125772.7578313,27.912577275783125
2023-04-10T00:00:00.000000+0800,-0.017451307619759326,274254663.0328313,27.42546630328313
2023-04-11T00:00:00.000000+0800,-0.0024643111352279368,273578814.2128313,27.357881421283132
2023-04-12T00:00:00.000000+0800,0.020341478880563812,279143811.8843113,27.91438118843113
2023-04-13T00:00:00.000000+0800,0.0006717025490707851,279331313.49431133,27.933131349431132
2023-04-14T00:00:00.000000+0800,-0.0010741693483862225,279031264.3593113,27.903126435931128
2023-04-17T00:00:00.000000+0800,0.003413242100976932,279983665.6183113,27.998366561831126
2023-04-18T00:00:00.000000+0800,-0.004997971334897988,278584315.2833113,27.85843152833113
2023-04-19T00:00:00.000000+0800,-0.0065591350613608546,276757043.1333913,27.675704313339132
2023-04-20T00:00:00.000000+0800,-0.012341467726816768,273341455.0173913,27.33414550173913
2023-04-21T00:00:00.000000+0800,-0.025330614478361935,266417547.9993913,26.64175479993913
2023-04-24T00:00:00.000000+0800,0.0041569538692793895,267525033.4563913,26.75250334563913
2023-04-25T00:00:00.000000+0800,-0.0000510621896707697,267511373.04239127,26.751137304239126
2023-04-26T00:00:00.000000+0800,0.01645716844458156,271913852.7693912,27.191385276939116
2023-04-27T00:00:00.000000+0800,-0.004997871072616622,270554862.3903913,27.055486239039126
2023-04-28T00:00:00.000000+0800,0.019275541097003357,275769953.75939137,27.576995375939134
2023-05-04T00:00:00.000000+0800,0.011332547750023014,278895129.92839134,27.889512992839133
2023-05-05T00:00:00.000000+0800,-0.009058534991585376,276368748.63495225,27.636874863495223
2023-05-08T00:00:00.000000+0800,0.002577856508360732,277081187.61232835,27.708118761232832
2023-05-09T00:00:00.000000+0800,-0.021971854947864022,270993199.94932836,27.099319994932834
2023-05-10T00:00:00.000000+0800,0.010535212217626988,273848170.82032835,27.384817082032836
2023-05-11T00:00:00.000000+0800,0.01432530551523703,277771129.5321184,27.777112953211837
2023-05-12T00:00:00.000000+0800,-0.003857190338696248,276699713.41491836,27.669971341491834
2023-05-15T00:00:00.000000+0800,0.012085255889714652,280043700.25614834,28.004370025614833
2023-05-16T00:00:00.000000+0800,-0.0005805870090968002,279881110.5218002,27.98811105218002
2023-05-17T00:00:00.000000+0800,0.01937670976205652,285304285.56826323,28.530428556826323
2023-05-18T00:00:00.000000+0800,0.015650132825280272,289769335.53302824,28.976933553302825
2023-05-19T00:00:00.000000+0800,0.003439854054145819,290766099.7566287,29.07660997566287
2023-05-22T00:00:00.000000+0800,0.01281844595103565,294493269.2907525,29.449326929075244
2023-05-23T00:00:00.000000+0800,0.00150520934995102,294936543.3131865,29.493654331318652
2023-05-24T00:00:00.000000+0800,0.010201143177240413,297945233.2197247,29.79452332197247
2023-05-25T00:00:00.000000+0800,0.001963128890611454,298530138.1148783,29.853013811487827
2023-05-26T00:00:00.000000+0800,0.003870267446566489,299685529.5902433,29.968552959024326
2023-05-29T00:00:00.000000+0800,-0.01124109847309962,296316735.04115635,29.631673504115632
2023-05-30T00:00:00.000000+0800,0.007102586958738222,298421350.41911554,29.842135041911554
2023-05-31T00:00:00.000000+0800,-0.007303180804541731,296241925.3410692,29.62419253410692
2023-06-01T00:00:00.000000+0800,0.00250377565780302,296983648.6625589,29.69836486625589
2023-06-02T00:00:00.000000+0800,0.007617946828128552,299246054.3068939,29.924605430689386
2023-06-05T00:00:00.000000+0800,0.01128042338632862,302621676.4961639,30.26216764961639
2023-06-06T00:00:00.000000+0800,-0.01914850206479546,296826924.69892526,29.682692469892526
2023-06-07T00:00:00.000000+0800,0.00986135164702695,299754039.3816869,29.975403938168693
2023-06-08T00:00:00.000000+0800,-0.007771806924341096,297424408.8628211,29.742440886282107
2023-06-09T00:00:00.000000+0800,0.0009938643137923364,297720008.36884063,29.77200083688406
2023-06-12T00:00:00.000000+0800,0.019348285169154655,303480379.99132407,30.348037999132405
2023-06-13T00:00:00.000000+0800,0.012828188965982257,307373483.65332085,30.737348365332082
2023-06-14T00:00:00.000000+0800,0.0064325650465808515,309350683.58051497,30.935068358051495
2023-06-15T00:00:00.000000+0800,-0.0019338881521115958,308752433.958691,30.8752433958691
2023-06-16T00:00:00.000000+0800,0.0016517455708631168,309262414.42397547,30.926241442397547
2023-06-19T00:00:00.000000+0800,-0.00016784298410854603,309210506.89746594,30.921050689746593
2023-06-20T00:00:00.000000+0800,-0.0072330419563382264,306973974.32773596,30.697397432773595
2023-06-21T00:00:00.000000+0800,-0.0067286016356262746,304908468.74197966,30.490846874197963
2023-06-26T00:00:00.000000+0800,-0.013649250669206303,300746696.62095654,30.07466966209565
2023-06-27T00:00:00.000000+0800,0.027876289091388617,309130398.47924244,30.913039847924242
2023-06-28T00:00:00.000000+0800,0.0030548635550378123,310074749.667311,31.0074749667311
2023-06-29T00:00:00.000000+0800,0.025983080092084165,318131446.7224497,31.81314467224497
2023-06-30T00:00:00.000000+0800,0.016579852422013985,323406019.1599097,32.34060191599097
2023-07-03T00:00:00.000000+0800,0.004572564003712198,324884813.8817042,32.48848138817042
2023-07-04T00:00:00.000000+0800,0.014589547936147307,329624736.4475576,32.96247364475576
2023-07-05T00:00:00.000000+0800,0.0006333410718195598,329833501.3314376,32.98335013314376
2023-07-06T00:00:00.000000+0800,0.0014923994425724008,330325744.66496634,33.032574466496634
2023-07-07T00:00:00.000000+0800,-0.00426096703397516,328918237.55647564,32.891823755647565
2023-07-10T00:00:00.000000+0800,-0.0006437059824619951,328706510.9192197,32.870651091921964
2023-07-11T00:00:00.000000+0800,0.013174656051396783,333037106.1424351,33.303710614243506
2023-07-12T00:00:00.000000+0800,-0.01499382527022175,328043605.9644351,32.80436059644351
2023-07-13T00:00:00.000000+0800,0.007782909708963448,330596739.73025906,33.0596739730259
2023-07-14T00:00:00.000000+0800,0.01856122224279022,336733019.28913426,33.673301928913425
2023-07-17T00:00:00.000000+0800,0.017367189529617688,342581125.4560091,34.25811254560091
2023-07-18T00:00:00.000000+0800,0.010802317567712105,346281795.5658891,34.62817955658891
2023-07-19T00:00:00.000000+0800,0.00877799929549461,349321456.9234091,34.93214569234091
2023-07-20T00:00:00.000000+0800,-0.004734284803359801,347667669.6584091,34.76676696584091
2023-07-21T00:00:00.000000+0800,-0.000049100300803850416,347650599.0712491,34.765059907124915
2023-07-24T00:00:00.000000+0800,0.016447975876918042,353368747.7383691,35.33687477383691
2023-07-25T00:00:00.000000+0800,0.01528180539609636,358768860.1743691,35.87688601743691
2023-07-26T00:00:00.000000+0800,0.0008537772895094164,359075168.87936914,35.907516887936914
2023-07-27T00:00:00.000000+0800,-0.005413914070491188,357131166.77020913,35.71311667702091
2023-07-28T00:00:00.000000+0800,0.0078094383190994154,359920160.5889291,35.99201605889291
2023-07-31T00:00:00.000000+0800,0.012226568041310726,364320748.92180914,36.432074892180914
2023-08-01T00:00:00.000000+0800,-0.005453662400947801,362333866.5515291,36.23338665515291
2023-08-02T00:00:00.000000+0800,0.0063721106578693565,364642698.0442891,36.46426980442891
2023-08-03T00:00:00.000000+0800,-0.0068634068731469045,362140006.8442891,36.21400068442891
2023-08-04T00:00:00.000000+0800,-0.0022977663894444555,361307893.70828915,36.130789370828914
2023-08-07T00:00:00.000000+0800,-0.00001939973004205786,361300884.43268913,36.13008844326891
2023-08-08T00:00:00.000000+0800,0.003180601594165333,362450038.6016891,36.24500386016891
2023-08-09T00:00:00.000000+0800,-0.010250497696215999,358734745.3160091,35.873474531600905
2023-08-10T00:00:00.000000+0800,0.008056194114830495,361624782.0600091,36.16247820600091
2023-08-11T00:00:00.000000+0800,-0.010224606142469561,357927311.0920891,35.79273110920891
2023-08-14T00:00:00.000000+0800,0.007909883830551134,360758474.5426091,36.07584745426091
2023-08-15T00:00:00.000000+0800,-0.005000743082438364,358954414.0966091,35.89544140966091
2023-08-16T00:00:00.000000+0800,-0.014212213536471396,353852877.3136091,35.38528773136091
2023-08-17T00:00:00.000000+0800,0.02794524818018118,363741383.7894091,36.374138378940906
2023-08-18T00:00:00.000000+0800,-0.004089888248353102,362253722.1784091,36.225372217840906
2023-08-21T00:00:00.000000+0800,-0.00019687862576289739,362182402.1634091,36.21824021634091
2023-08-22T00:00:00.000000+0800,0.004986742752302709,363988512.6324091,36.39885126324091
2023-08-23T00:00:00.000000+0800,-0.010991898151028967,359987587.9734091,35.99875879734091
2023-08-24T00:00:00.000000+0800,-0.006531117948360143,357636466.5764091,35.76364665764091
2023-08-25T00:00:00.000000+0800,-0.03462566086602992,345253067.5714091,34.52530675714091
2023-08-28T00:00:00.000000+0800,0.0024565539503123013,346101200.3584091,34.61012003584091
2023-08-29T00:00:00.000000+0800,-0.0007583622990275929,345838730.2564091,34.58387302564091
2023-08-30T00:00:00.000000+0800,0.0,345838730.2564091,34.58387302564091
2023-08-31T00:00:00.000000+0800,-0.0040674061374130766,344432063.68240905,34.4432063682409
2023-09-01T00:00:00.000000+0800,0.0013199822285394625,344886707.885409,34.4886707885409
2023-09-04T00:00:00.000000+0800,0.018527642732822036,351276645.592409,35.1276645592409
2023-09-05T00:00:00.000000+0800,0.0025289254983116294,352164998.05840904,35.216499805840904
2023-09-06T00:00:00.000000+0800,0.017703824326817053,358399665.318089,35.8399665318089
2023-09-07T00:00:00.000000+0800,-0.015723044927619112,352764531.278249,35.2764531278249
2023-09-08T00:00:00.000000+0800,0.002595684094662376,353680196.561249,35.3680196561249
2023-09-11T00:00:00.000000+0800,0.006268402156285324,355897206.268009,35.5897206268009
2023-09-12T00:00:00.000000+0800,-0.0027230210716242542,354928090.676009,35.492809067600895
2023-09-13T00:00:00.000000+0800,-0.01301702329888954,350307983.450249,35.0307983450249
2023-09-14T00:00:00.000000+0800,-0.003934871036690879,348929566.71224904,34.8929566712249
2023-09-15T00:00:00.000000+0800,-0.0069140156901336125,346517062.213249,34.6517062213249
2023-09-18T00:00:00.000000+0800,0.025351482506202894,355301783.45404905,35.530178345404906
2023-09-19T00:00:00.000000+0800,-0.009746506731756588,351838832.22980905,35.1838832229809
2023-09-20T00:00:00.000000+0800,-0.0013978013710516102,351347031.427729,35.1347031427729
2023-09-21T00:00:00.000000+0800,-0.005239544010146702,349506133.19372904,34.950613319372906
2023-09-22T00:00:00.000000+0800,0.024576483681443273,358095764.972729,35.8095764972729
2023-09-25T00:00:00.000000+0800,-0.0017303440660549896,357476136.09072906,35.74761360907291
2023-09-26T00:00:00.000000+0800,-0.003568894125218658,356200341.608729,35.6200341608729
2023-09-27T00:00:00.000000+0800,0.014473654128448699,361355862.15360904,36.1355862153609
2023-09-28T00:00:00.000000+0800,0.021258375885250036,369037700.899609,36.9037700899609
2023-10-09T00:00:00.000000+0800,-0.006714079864902578,366559952.302609,36.6559952302609
2023-10-10T00:00:00.000000+0800,-0.006207835088655522,364284408.568609,36.428440856860895
2023-10-11T00:00:00.000000+0800,0.0013583991439667376,364779252.19736904,36.4779252197369
2023-10-12T00:00:00.000000+0800,-0.0015298846127851373,364221182.032369,36.4221182032369
2023-10-13T00:00:00.000000+0800,-0.008006454173609234,361305061.82936907,36.130506182936905
2023-10-16T00:00:00.000000+0800,-0.0018821407775382326,360625034.83936906,36.0625034839369
2023-10-17T00:00:00.000000+0800,0.002703881050394541,361600122.0373691,36.160012203736905
2023-10-18T00:00:00.000000+0800,-0.019603417529453826,354511523.86636907,35.451152386636906
2023-10-19T00:00:00.000000+0800,-0.002698625927772702,353554829.87636906,35.355482987636904
2023-10-20T00:00:00.000000+0800,0.0014496126871728077,354067347.44336903,35.4067347443369
2023-10-23T00:00:00.000000+0800,-0.02164797308632338,346402507.03516906,34.640250703516905
2023-10-24T00:00:00.000000+0800,0.04156091537622242,360799312.316169,36.079931231616904
2023-10-25T00:00:00.000000+0800,0.0041922660614011065,362311879.028169,36.2311879028169
2023-10-26T00:00:00.000000+0800,0.003952079509070394,363743764.38116896,36.3743764381169
2023-10-27T00:00:00.000000+0800,0.019366563057664044,370788230.93088895,37.07882309308889
2023-10-30T00:00:00.000000+0800,0.00845780396030027,373924285.098889,37.392428509888894
2023-10-31T00:00:00.000000+0800,0.00954933649023526,377495013.91916895,37.749501391916894
2023-11-01T00:00:00.000000+0800,0.011389709163471595,381794572.33836895,38.17945723383689
2023-11-02T00:00:00.000000+0800,-0.0061296163422824845,379454318.08836895,37.945431808836894
2023-11-03T00:00:00.000000+0800,0.005563746164850336,381565505.595369,38.156550559536896
2023-11-06T00:00:00.000000+0800,0.010647925995460605,385628386.86136895,38.56283868613689
2023-11-07T00:00:00.000000+0800,0.0082181343623422,388797532.75852895,38.87975327585289
2023-11-08T00:00:00.000000+0800,0.005748940727944962,391032706.72952896,39.103270672952895
2023-11-09T00:00:00.000000+0800,-0.0020048884011696355,390248729.79132897,39.024872979132894
2023-11-10T00:00:00.000000+0800,0.002025383660883673,391039133.19232893,39.103913319232895
2023-11-13T00:00:00.000000+0800,0.013106543363472722,396164304.54832894,39.616430454832894
2023-11-14T00:00:00.000000+0800,-0.0011196363930509046,395720744.57532895,39.57207445753289
2023-11-15T00:00:00.000000+0800,0.010497317185172772,399874750.7478889,39.98747507478889
2023-11-16T00:00:00.000000+0800,-0.006537946709839315,397260390.93688893,39.72603909368889
2023-11-17T00:00:00.000000+0800,0.016710581058292817,403898842.9008889,40.389884290088894
2023-11-20T00:00:00.000000+0800,0.012514854803088227,408953578.2749289,40.895357827492894
2023-11-21T00:00:00.000000+0800,-0.0012114313978858204,408458159.06992894,40.84581590699289
2023-11-22T00:00:00.000000+0800,-0.002834342822178204,407300448.61860895,40.7300448618609
2023-11-23T00:00:00.000000+0800,0.013507889136040951,412802217.9236089,41.28022179236089
2023-11-24T00:00:00.000000+0800,-0.01047220110944258,408479270.0790889,40.84792700790889
2023-11-27T00:00:00.000000+0800,0.01078856863445421,412886176.72008896,41.2886176720089
2023-11-28T00:00:00.000000+0800,0.018437828305307935,420498901.15608895,42.049890115608896
2023-11-29T00:00:00.000000+0800,0.00018934938174886007,420578522.3630489,42.05785223630489
2023-11-30T00:00:00.000000+0800,-0.004549377233458274,418665152.00852895,41.866515200852895
2023-12-01T00:00:00.000000+0800,0.001158564394655226,419150202.54692894,41.91502025469289
2023-12-04T00:00:00.000000+0800,0.004763747587063216,421146928.3129289,42.11469283129289
2023-12-05T00:00:00.000000+0800,-0.0031232351649557177,419831587.4168089,41.98315874168089
2023-12-06T00:00:00.000000+0800,0.0062133729123392545,422440157.6298089,42.24401576298089
2023-12-07T00:00:00.000000+0800,-0.008184666648169192,418982625.7608089,41.89826257608089
2023-12-08T00:00:00.000000+0800,-0.020856551615361485,410244093.0006889,41.02440930006889
2023-12-11T00:00:00.000000+0800,0.007844228494460204,413462141.4046889,41.34621414046889
2023-12-12T00:00:00.000000+0800,0.004069793958796808,415144847.1299689,41.51448471299689
2023-12-13T00:00:00.000000+0800,-0.003486801529652084,413697319.4419689,41.36973194419689
2023-12-14T00:00:00.000000+0800,0.00202577790721592,414535378.3319689,41.45353783319689
2023-12-15T00:00:00.000000+0800,0.0045716456400553,416430487.1869689,41.64304871869689
2023-12-18T00:00:00.000000+0800,-0.006910352100872874,413552805.8949689,41.35528058949689
2023-12-19T00:00:00.000000+0800,0.008634086307969024,417123456.5139689,41.71234565139689
2023-12-20T00:00:00.000000+0800,-0.0029633207523983573,415887385.9189689,41.58873859189689
2023-12-21T00:00:00.000000+0800,0.007457007812697203,418988661.4049689,41.89886614049689
2023-12-22T00:00:00.000000+0800,-0.023914449950509287,408968778.0319689,40.89687780319689
2023-12-25T00:00:00.000000+0800,-0.00654760894434514,406291010.4029689,40.62910104029689
2023-12-26T00:00:00.000000+0800,0.002039854997476276,407119785.1509691,40.71197851509691
2023-12-27T00:00:00.000000+0800,0.0,407119785.1509691,40.71197851509691
2023-12-28T00:00:00.000000+0800,0.0,407119785.1509691,40.71197851509691
2023-12-29T00:00:00.000000+0800,0.01800752722514143,414451005.7659689,41.44510057659689
2024-01-02T00:00:00.000000+0800,0.014867140639729604,420612707.15696895,42.06127071569689
2024-01-03T00:00:00.000000+0800,-0.003752756716907557,419034249.99496895,41.90342499949689
2024-01-04T00:00:00.000000+0800,0.00507232248606293,421159726.84364897,42.1159726843649
2024-01-05T00:00:00.000000+0800,-0.018168148384806515,413508034.43264896,41.350803443264894
2024-01-08T00:00:00.000000+0800,-0.012953013264540125,408151859.37764895,40.815185937764895
2024-01-09T00:00:00.000000+0800,0.006100363650913154,410641734.14464897,41.064173414464896
2024-01-10T00:00:00.000000+0800,-0.00949451343059693,406742890.684649,40.674289068464894
2024-01-11T00:00:00.000000+0800,0.012152469791616438,411685821.37664896,41.16858213766489
2024-01-12T00:00:00.000000+0800,-0.00947331073622737,407785793.66504896,40.77857936650489
2024-01-15T00:00:00.000000+0800,-0.0029806037946439323,406570345.781049,40.6570345781049
2024-01-16T00:00:00.000000+0800,-0.0012364584535409229,406067638.440049,40.606763844004895
2024-01-17T00:00:00.000000+0800,-0.024584188317370304,396084795.147049,39.6084795147049
2024-01-18T00:00:00.000000+0800,-0.011989302561430049,391336014.698049,39.1336014698049
2024-01-19T00:00:00.000000+0800,-0.010963418164593008,387045634.326049,38.70456343260489
2024-01-22T00:00:00.000000+0800,0.0037354355501715286,388491418.34804916,38.84914183480492
2024-01-23T00:00:00.000000+0800,-0.00004186763267288729,388475153.1320492,38.847515313204916
2024-01-24T00:00:00.000000+0800,0.0,388475153.1320492,38.847515313204916
2024-01-25T00:00:00.000000+0800,0.0,388475153.1320492,38.847515313204916
2024-01-26T00:00:00.000000+0800,0.0,388475153.1320492,38.847515313204916
2024-01-29T00:00:00.000000+0800,-0.04900603703096729,369437525.3920493,36.94375253920493
2024-01-30T00:00:00.000000+0800,-0.04061197009177153,354433939.6600493,35.44339396600493
2024-01-31T00:00:00.000000+0800,-0.06379702788250985,331822107.7290493,33.18221077290493
2024-02-01T00:00:00.000000+0800,-0.028600327922542523,322331886.6360493,32.23318866360493
2024-02-02T00:00:00.000000+0800,0.002735277288888005,323213553.72504926,32.321355372504925
2024-02-05T00:00:00.000000+0800,0.0,323213553.72504926,32.321355372504925
2024-02-06T00:00:00.000000+0800,0.0,323213553.72504926,32.321355372504925
2024-02-07T00:00:00.000000+0800,0.0,323213553.72504926,32.321355372504925
2024-02-08T00:00:00.000000+0800,0.0,323213553.72504926,32.321355372504925
2024-02-19T00:00:00.000000+0800,0.0,323213553.72504926,32.321355372504925
2024-02-20T00:00:00.000000+0800,0.03696059148299957,335159717.8460493,33.51597178460493
2024-02-21T00:00:00.000000+0800,0.04934727324050647,351698936.02180934,35.169893602180935
2024-02-22T00:00:00.000000+0800,0.04693236337336115,368204998.28520936,36.82049982852094
2024-02-23T00:00:00.000000+0800,0.03887438255238629,382518740.2462493,38.25187402462493
2024-02-26T00:00:00.000000+0800,0.0317551805013796,394665691.8879293,39.46656918879293
2024-02-27T00:00:00.000000+0800,0.034296101928321665,408201186.68452936,40.820118668452935
2024-02-28T00:00:00.000000+0800,-0.08393781177299697,373937672.31108934,37.39376723110893
2024-02-29T00:00:00.000000+0800,0.04358667317809228,390236371.4230893,39.02363714230893
2024-03-01T00:00:00.000000+0800,0.01633804335303135,396612070.17732936,39.661207017732934
2024-03-04T00:00:00.000000+0800,-0.0021587063440031695,395755901.1853293,39.57559011853293
2024-03-05T00:00:00.000000+0800,-0.028323506040736857,384546706.52744937,38.45467065274494
2024-03-06T00:00:00.000000+0800,0.02138506161225684,392770261.53932935,39.27702615393293
2024-03-07T00:00:00.000000+0800,0.008943575609499765,396283032.07056934,39.62830320705693
2024-03-08T00:00:00.000000+0800,0.004680100073600313,398137676.31812936,39.81376763181294
2024-03-11T00:00:00.000000+0800,0.021102264640452395,406539282.9271293,40.65392829271293
2024-03-12T00:00:00.000000+0800,0.03030330083651056,418858765.11952937,41.88587651195294
2024-03-13T00:00:00.000000+0800,-0.0010410048766571478,418422731.10240936,41.84227311024093
2024-03-14T00:00:00.000000+0800,-0.0038864730883896303,416796542.41840935,41.679654241840936
2024-03-15T00:00:00.000000+0800,0.025676008200703704,427498213.8595694,42.749821385956935
2024-03-18T00:00:00.000000+0800,0.03423143835105491,442132092.61248934,44.213209261248934
2024-03-19T00:00:00.000000+0800,0.004709805616633034,444214448.82556933,44.42144488255693
2024-03-20T00:00:00.000000+0800,0.02223749807417663,454092666.77584934,45.40926667758493
2024-03-21T00:00:00.000000+0800,0.014038642958809966,460467511.59492934,46.046751159492935
2024-03-22T00:00:00.000000+0800,-0.01427914790519258,453892427.89132935,45.389242789132936
2024-03-25T00:00:00.000000+0800,-0.023171196687771234,443375197.1695693,44.337519716956926
2024-03-26T00:00:00.000000+0800,0.004563732016038102,445398642.75200933,44.539864275200934
2024-03-27T00:00:00.000000+0800,-0.030952934566251145,431612247.7070093,43.16122477070093
2024-03-28T00:00:00.000000+0800,0.03518441360373248,446798271.5467693,44.67982715467693
2024-03-29T00:00:00.000000+0800,0.025601522115563213,458236987.37696934,45.82369873769693
2024-04-01T00:00:00.000000+0800,0.03468249383309985,474129788.8657693,47.41297888657693
2024-04-02T00:00:00.000000+0800,0.016711940845132833,482053417.85020936,48.205341785020934
2024-04-03T00:00:00.000000+0800,-0.0015039463639386907,481328435.36520934,48.13284353652093
2024-04-08T00:00:00.000000+0800,-0.032348813102109575,465758031.7688494,46.57580317688493
2024-04-09T00:00:00.000000+0800,0.041818596626298055,485235379.02484936,48.52353790248493
2024-04-10T00:00:00.000000+0800,-0.016289364176628185,477331203.2245294,47.73312032245293
2024-04-11T00:00:00.000000+0800,-0.00020256001297813686,477234515.0098094,47.723451500980936
2024-04-12T00:00:00.000000+0800,0.0005263788233649258,477485721.1522894,47.74857211522894
2024-04-15T00:00:00.000000+0800,-0.08535046774125843,436732091.5121694,43.67320915121694
2024-04-16T00:00:00.000000+0800,-0.1112612622803929,388140727.7321694,38.814072773216935
2024-04-17T00:00:00.000000+0800,0.10151310982801154,427542100.0551694,42.75421000551694
2024-04-18T00:00:00.000000+0800,-0.0001681365109791333,427470214.6181694,42.74702146181694
2024-04-19T00:00:00.000000+0800,-0.009926699898355262,423226846.08216935,42.32268460821693
2024-04-22T00:00:00.000000+0800,-0.013133476149858492,417668406.39316934,41.76684063931693
2024-04-23T00:00:00.000000+0800,0.03633390897781852,432843932.2539693,43.284393225396926
2024-04-24T00:00:00.000000+0800,0.043571254291937755,451703485.2949293,45.170348529492934
2024-04-25T00:00:00.000000+0800,0.015183092811697163,458561741.23552936,45.85617412355293
2024-04-26T00:00:00.000000+0800,0.004886907354551884,460802689.9812894,46.080268998128936
2024-04-29T00:00:00.000000+0800,0.05352341761538204,485466424.7954494,48.546642479544936
2024-04-30T00:00:00.000000+0800,-0.009911937224881262,480654512.06808937,48.06545120680894
2024-05-06T00:00:00.000000+0800,0.019230596050850313,489897784.8296894,48.98977848296894
2024-05-07T00:00:00.000000+0800,0.02110962948655737,500239345.55372936,50.02393455537293
2024-05-08T00:00:00.000000+0800,-0.0184354971289028,491017184.5350094,49.101718453500936
2024-05-09T00:00:00.000000+0800,0.026237719218239253,503900355.55416936,50.39003555541694
2024-05-10T00:00:00.000000+0800,-0.03179146052473436,487880627.2921694,48.78806272921694
2024-05-13T00:00:00.000000+0800,-0.035411637314005984,470603975.4659694,47.06039754659694
2024-05-14T00:00:00.000000+0800,0.027740596121640815,483658810.2826094,48.36588102826094
2024-05-15T00:00:00.000000+0800,0.005836179215489956,486481529.77856934,48.64815297785693
2024-05-16T00:00:00.000000+0800,0.0198328983611189,496129868.51322937,49.61298685132294
2024-05-17T00:00:00.000000+0800,0.018531577613265293,505323937.67784137,50.532393767784136
2024-05-20T00:00:00.000000+0800,-0.011322565256752348,499602374.417685,49.9602374417685
2024-05-21T00:00:00.000000+0800,-0.014882314512040029,492167134.750639,49.2167134750639
2024-05-22T00:00:00.000000+0800,0.01260789176195698,498372324.71436757,49.83723247143676
2024-05-23T00:00:00.000000+0800,-0.02686922632424793,484981445.92787564,48.49814459278756
2024-05-24T00:00:00.000000+0800,-0.01077620361359799,479755187.1177397,47.975518711773965
2024-05-27T00:00:00.000000+0800,0.0075802977864360965,483391874.30067956,48.33918743006795
2024-05-28T00:00:00.000000+0800,-0.014661894876133785,476304433.4557057,47.63044334557057
2024-05-29T00:00:00.000000+0800,0.012111233837606816,482073067.82717663,48.20730678271766
2024-05-30T00:00:00.000000+0800,-0.0107099954057287,476910067.48552203,47.6910067485522
2024-05-31T00:00:00.000000+0800,0.0232364550317552,487991766.8228407,48.79917668228407
2024-06-03T00:00:00.000000+0800,-0.02901409379206643,473833127.93048656,47.38331279304865
2024-06-04T00:00:00.000000+0800,-0.03240359269317383,458479232.24849457,45.84792322484945
2024-06-05T00:00:00.000000+0800,-0.024790889413243034,447113124.3035536,44.711312430355356
2024-06-06T00:00:00.000000+0800,-0.0012345320842054308,446561148.8063315,44.65611488063315
2024-06-07T00:00:00.000000+0800,0.0,446561148.8063315,44.65611488063315
2024-06-11T00:00:00.000000+0800,0.0,446561148.8063315,44.65611488063315
2024-06-12T00:00:00.000000+0800,0.03177141822105356,460749029.8263316,46.07490298263316
2024-06-13T00:00:00.000000+0800,-0.0027864710650045144,459465165.9864916,45.94651659864916
2024-06-14T00:00:00.000000+0800,-0.0018327139021648842,458623097.78922766,45.862309778922764
2024-06-17T00:00:00.000000+0800,-0.012851746896334504,452728989.81562763,45.27289898156276
2024-06-18T00:00:00.000000+0800,0.031206095138695433,466856893.7438596,46.68568937438596
2024-06-19T00:00:00.000000+0800,0.0017345032870443866,467666658.56063765,46.76666585606376
2024-06-20T00:00:00.000000+0800,-0.03416740806698371,451687700.9982736,45.168770099827356
2024-06-21T00:00:00.000000+0800,-0.0016193963747148654,450956239.5727737,45.09562395727737
2024-06-24T00:00:00.000000+0800,-0.04155778398114329,432215497.58365965,43.22154975836596
2024-06-25T00:00:00.000000+0800,0.016233220435618367,439231747.0316257,43.923174703162566
2024-06-26T00:00:00.000000+0800,0.047401999439464326,460052210.0582137,46.00522100582137
2024-06-27T00:00:00.000000+0800,-0.005193598124251464,457662883.7629976,45.76628837629976
2024-06-28T00:00:00.000000+0800,0.004291490084113336,459626939.4905333,45.962693949053325
2024-07-01T00:00:00.000000+0800,0.01480624225723437,466432287.3045813,46.64322873045813
2024-07-02T00:00:00.000000+0800,0.024845771034663455,478021157.1181253,47.80211571181253
2024-07-03T00:00:00.000000+0800,0.003564622050259869,479725121.8752793,47.972512187527926
2024-07-04T00:00:00.000000+0800,-0.02233441325406671,469010742.7549593,46.90107427549593
2024-07-05T00:00:00.000000+0800,0.01961365432639184,478209757.33871937,47.82097573387193
2024-07-08T00:00:00.000000+0800,-0.028042408279406073,464799604.0802313,46.47996040802313
2024-07-09T00:00:00.000000+0800,0.007041353192041466,468072422.2560813,46.80724222560813
2024-07-10T00:00:00.000000+0800,-0.023274857456015763,457178103.348979,45.7178103348979
2024-07-11T00:00:00.000000+0800,0.043336214717940136,476990471.800051,47.699047180005095
2024-07-12T00:00:00.000000+0800,0.0019663889475305396,477928420.591876,47.79284205918759
2024-07-15T00:00:00.000000+0800,-0.023504050930997944,466695166.6529131,46.669516665291304
2024-07-16T00:00:00.000000+0800,-0.004169702987032786,464749186.42248666,46.47491864224867
2024-07-17T00:00:00.000000+0800,-0.0101315193002125,460040571.07048917,46.004057107048915
2024-07-18T00:00:00.000000+0800,-0.008143132643590234,456294399.6788292,45.62943996788292
2024-07-19T00:00:00.000000+0800,0.015232857556764401,463245067.27308613,46.32450672730861
2024-07-22T00:00:00.000000+0800,0.018569876970903287,471847471.17972517,47.18474711797251
2024-07-23T00:00:00.000000+0800,-0.008227713379660773,467965245.42794067,46.79652454279407
2024-07-24T00:00:00.000000+0800,-0.013452187213354505,461670089.3371006,46.16700893371006
2024-07-25T00:00:00.000000+0800,0.011016296869599707,466755984.0970527,46.675598409705266
2024-07-26T00:00:00.000000+0800,0.023027084226873162,477504013.45625263,47.750401345625264
2024-07-29T00:00:00.000000+0800,0.009260982091806369,481926169.57363665,48.19261695736366
2024-07-30T00:00:00.000000+0800,0.01710974160920742,490171801.80975664,49.017180180975664
2024-07-31T00:00:00.000000+0800,0.030545131917879997,505144164.1584606,50.51441641584606
2024-08-01T00:00:00.000000+0800,0.003889511245157573,507108928.0653807,50.71089280653807
2024-08-02T00:00:00.000000+0800,-0.013766795455441017,500127663.1790767,50.01276631790766
2024-08-05T00:00:00.000000+0800,-0.014775660316606043,492737946.71300465,49.273794671300465
2024-08-06T00:00:00.000000+0800,0.03898497375622534,511947322.6343075,51.19473226343075
2024-08-07T00:00:00.000000+0800,0.004167884437759062,514081059.9132675,51.40810599132675
2024-08-08T00:00:00.000000+0800,0.009193580653520605,518807305.6000275,51.880730560002746
2024-08-09T00:00:00.000000+0800,-0.00724676960316073,515047628.5879075,51.50476285879075
2024-08-12T00:00:00.000000+0800,-0.003396992747014216,513298015.5292275,51.329801552922746
2024-08-13T00:00:00.000000+0800,0.007775474482684341,517289151.1509875,51.72891511509875
2024-08-14T00:00:00.000000+0800,0.005763642927685941,520270621.1085875,52.02706211085875
2024-08-15T00:00:00.000000+0800,0.018438371128162823,529863563.90766746,52.986356390766744
2024-08-16T00:00:00.000000+0800,-0.009473107127771163,524844109.6036675,52.484410960366745
2024-08-19T00:00:00.000000+0800,0.0018166777383097354,525797582.21366745,52.579758221366745
2024-08-20T00:00:00.000000+0800,-0.014594555126504205,518123800.4146674,51.81238004146674
2024-08-21T00:00:00.000000+0800,0.0009247075886045231,518602913.42474747,51.860291342474746
2024-08-22T00:00:00.000000+0800,-0.015303002872835925,510666731.55074745,51.066673155074746
2024-08-23T00:00:00.000000+0800,0.00835925481880695,514935524.8872674,51.49355248872674
2024-08-26T00:00:00.000000+0800,0.035023989952816637,532970621.5372674,53.297062153726735
2024-08-27T00:00:00.000000+0800,-0.012870608988267418,526110965.0652274,52.611096506522735
2024-08-28T00:00:00.000000+0800,0.011387651624514605,532102133.4512274,53.21021334512274
2024-08-29T00:00:00.000000+0800,0.016683202546891707,540979301.1192274,54.097930111922736
2024-08-30T00:00:00.000000+0800,0.023454144962200107,553667508.0692275,55.366750806922745
2024-09-02T00:00:00.000000+0800,-0.00551975672883076,550611398.1160274,55.061139811602736
2024-09-03T00:00:00.000000+0800,0.007186938629204054,554568608.4428275,55.456860844282744
2024-09-04T00:00:00.000000+0800,-0.013864717358578638,546879671.4308274,54.68796714308274
2024-09-05T00:00:00.000000+0800,0.012573743096007117,553755995.9238274,55.37559959238274
2024-09-06T00:00:00.000000+0800,-0.008646661949604728,548967855.0245074,54.89678550245074
2024-09-09T00:00:00.000000+0800,0.0079616444133781,553338541.8805875,55.333854188058744
2024-09-10T00:00:00.000000+0800,0.018913694195078268,563804217.8480674,56.380421784806735
2024-09-11T00:00:00.000000+0800,-0.0008141239693310043,563345211.3203074,56.33452113203074
2024-09-12T00:00:00.000000+0800,0.00515082594219507,566246904.4491874,56.624690444918734
2024-09-13T00:00:00.000000+0800,-0.01211787510551543,559385195.1821874,55.93851951821874
2024-09-18T00:00:00.000000+0800,-0.015986318813974942,550442685.1121874,55.04426851121874
2024-09-19T00:00:00.000000+0800,0.0336672634848858,568974584.0251874,56.89745840251874
2024-09-20T00:00:00.000000+0800,-0.0006091233350850045,568628008.3289874,56.862800832898735
2024-09-23T00:00:00.000000+0800,0.009279030997480175,573904325.2443074,57.390432524430736
2024-09-24T00:00:00.000000+0800,0.030018395410186693,591132012.2071074,59.11320122071074
2024-09-25T00:00:00.000000+0800,0.012865338495076317,598737125.6394274,59.87371256394274
2024-09-26T00:00:00.000000+0800,0.03228795016529884,618069120.1141875,61.806912011418746
2024-09-27T00:00:00.000000+0800,0.04193766611723171,643989496.5109074,64.39894965109073
2024-09-30T00:00:00.000000+0800,0.0791952228802475,694990388.2196271,69.49903882196271
2024-10-08T00:00:00.000000+0800,0.013325686907533552,704251612.536787,70.4251612536787
2024-10-09T00:00:00.000000+0800,-0.10231444160323633,632196502.051907,63.21965020519069
2024-10-10T00:00:00.000000+0800,0.01513620501635482,641765557.917587,64.1765557917587
2024-10-11T00:00:00.000000+0800,-0.030854017451872773,621964512.193587,62.19645121935869
2024-10-14T00:00:00.000000+0800,0.030987653649282798,641237733.079587,64.1237733079587
2024-10-15T00:00:00.000000+0800,-0.0015341115131756178,640254002.890587,64.0254002890587
2024-10-16T00:00:00.000000+0800,0.014145408036584595,649310657.008531,64.9310657008531
2024-10-17T00:00:00.000000+0800,-0.009771254258475248,642966077.486163,64.2966077486163
2024-10-18T00:00:00.000000+0800,0.02114399078183493,656560946.301563,65.6560946301563
2024-10-21T00:00:00.000000+0800,0.023924937438331684,672269125.8662798,67.22691258662798
2024-10-22T00:00:00.000000+0800,0.01571500763683953,682833840.3132799,68.28338403132798
2024-10-23T00:00:00.000000+0800,-0.0034868708348544386,680452886.9104398,68.04528869104398
2024-10-24T00:00:00.000000+0800,0.002128747347339255,681901399.1884398,68.19013991884398
2024-10-25T00:00:00.000000+0800,0.02572800552813037,699445362.1563998,69.94453621563999
2024-10-28T00:00:00.000000+0800,0.038507309627620945,726379121.2845598,72.63791212845598
2024-10-29T00:00:00.000000+0800,-0.02085057518153366,711233698.8059198,71.12336988059198
2024-10-30T00:00:00.000000+0800,0.001478259055167186,712285086.4615197,71.22850864615197
2024-10-31T00:00:00.000000+0800,0.02307823724585023,728723370.6735597,72.87233706735596
2024-11-01T00:00:00.000000+0800,-0.027334554709928516,708804041.8294797,70.88040418294797
2024-11-04T00:00:00.000000+0800,0.04216123838208774,738688098.0032398,73.86880980032397
2024-11-05T00:00:00.000000+0800,0.03085341635454375,761479149.4470798,76.14791494470798
2024-11-06T00:00:00.000000+0800,0.012321195160514442,770861482.6580797,77.08614826580796
2024-11-07T00:00:00.000000+0800,0.032146562182393534,795642029.2443597,79.56420292443597
2024-11-08T00:00:00.000000+0800,-0.003560031412933262,792809518.6267998,79.28095186267998
2024-11-11T00:00:00.000000+0800,0.024824501022198797,812490619.3323598,81.24906193323598
2024-11-12T00:00:00.000000+0800,-0.00030697106943211594,812241208.2180398,81.22412082180396
2024-11-13T00:00:00.000000+0800,0.015510735285789723,824839666.5869198,82.48396665869197
2024-11-14T00:00:00.000000+0800,-0.02489058617022344,804308923.7891197,80.43089237891196
2024-11-15T00:00:00.000000+0800,-0.016474445075875033,791058380.6001197,79.10583806001196
2024-11-18T00:00:00.000000+0800,-0.03399641470233583,764165231.8394798,76.41652318394797
2024-11-19T00:00:00.000000+0800,0.025893856636697077,783952416.7994797,78.39524167994797
2024-11-20T00:00:00.000000+0800,0.03626798503031137,812384791.3164397,81.23847913164397
2024-11-21T00:00:00.000000+0800,0.01683340867546268,826059996.5103998,82.60599965103998
2024-11-22T00:00:00.000000+0800,-0.037067644899052454,795439897.8944398,79.54398978944398
2024-11-25T00:00:00.000000+0800,0.035194095337716114,823434685.4963598,82.34346854963597
2024-11-26T00:00:00.000000+0800,-6.1852031857378975e-6,823429592.3855199,82.34295923855198
2024-11-27T00:00:00.000000+0800,0.004724352822601308,827319764.3045198,82.73197643045198
2024-11-28T00:00:00.000000+0800,0.011561210021424628,836884581.8545198,83.68845818545198
2024-11-29T00:00:00.000000+0800,0.017263885601122908,851332461.5369998,85.13324615369997
2024-12-02T00:00:00.000000+0800,0.023802936736314395,871596674.2605358,87.15966742605357
2024-12-03T00:00:00.000000+0800,0.006053646240020916,876873012.1904879,87.68730121904878
2024-12-04T00:00:00.000000+0800,-0.006768875192909474,870937568.2109399,87.09375682109399
2024-12-05T00:00:00.000000+0800,0.024913146220640225,892635363.1968279,89.26353631968279
2024-12-06T00:00:00.000000+0800,0.00801230027468991,899787425.7625678,89.97874257625678
2024-12-09T00:00:00.000000+0800,0.010607180781642134,909331633.6526798,90.93316336526797
2024-12-10T00:00:00.000000+0800,-0.007894356424646198,902153045.6284198,90.21530456284196
2024-12-11T00:00:00.000000+0800,0.008906375954964352,910187959.8217025,91.01879598217025
2024-12-12T00:00:00.000000+0800,0.02930347799732691,936859632.6757696,93.68596326757695
2024-12-13T00:00:00.000000+0800,-0.010524604246543334,926999555.8072951,92.69995558072951
2024-12-16T00:00:00.000000+0800,0.006934110736441568,933427473.3798951,93.34274733798951
2024-12-17T00:00:00.000000+0800,-0.05872459054100598,878612327.205935,87.86123272059349
2024-12-18T00:00:00.000000+0800,-0.001436026200556828,877350616.8839351,87.7350616883935
2024-12-19T00:00:00.000000+0800,0.0006789975431211737,877946335.797255,87.7946335797255
2024-12-20T00:00:00.000000+0800,0.020311693415527854,895778912.605255,89.57789126052549
2024-12-23T00:00:00.000000+0800,-0.05492626230593323,846577125.0833751,84.65771250833751
2024-12-24T00:00:00.000000+0800,0.0032535202468750857,849331480.9003751,84.9331480900375
2024-12-25T00:00:00.000000+0800,-0.027249669511207997,826187478.740375,82.6187478740375
2024-12-26T00:00:00.000000+0800,0.023138280961877422,845304036.750655,84.5304036750655
2024-12-27T00:00:00.000000+0800,0.023394303608742062,865079336.0280951,86.50793360280952
2024-12-30T00:00:00.000000+0800,-0.030525991596616286,838671931.4860951,83.8671931486095
2024-12-31T00:00:00.000000+0800,-0.024897680852010384,817790945.3964151,81.7790945396415
2025-01-02T00:00:00.000000+0800,-0.009409832456961031,810095669.6154151,81.00956696154151
2025-01-03T00:00:00.000000+0800,-0.050765512159228865,768970748.0494151,76.89707480494151
2025-01-06T00:00:00.000000+0800,0.005092065566879356,772886397.517495,77.2886397517495
2025-01-07T00:00:00.000000+0800,0.0051414075157274475,776860121.450495,77.6860121450495
2025-01-08T00:00:00.000000+0800,0.0011799767483091639,777776798.3304952,77.77767983304952
2025-01-09T00:00:00.000000+0800,0.010026960439987409,785575535.5184952,78.55755355184952
2025-01-10T00:00:00.000000+0800,-0.036196286634247565,757140618.2620152,75.71406182620152
2025-01-13T00:00:00.000000+0800,0.010107204497317834,764793193.3240151,76.47931933240152
2025-01-14T00:00:00.000000+0800,0.05439438719530476,806393650.4060152,80.63936504060152
2025-01-15T00:00:00.000000+0800,0.0017781741905804616,807827558.7826152,80.78275587826151
2025-01-16T00:00:00.000000+0800,0.006268964213887118,812891800.8396151,81.28918008396151
2025-01-17T00:00:00.000000+0800,-0.008925453136328754,805636373.1663152,80.56363731663151
2025-01-20T00:00:00.000000+0800,0.015270884829637899,817939153.4355052,81.79391534355051
2025-01-21T00:00:00.000000+0800,-0.013406650771516926,806973328.8530451,80.6973328853045
2025-01-22T00:00:00.000000+0800,-0.01427296283694457,795455428.5199201,79.54554285199201
2025-01-23T00:00:00.000000+0800,0.00032466636481509603,795713686.1422701,79.57136861422701
2025-01-24T00:00:00.000000+0800,0.009506640253473808,803278249.9011902,80.32782499011901
2025-01-27T00:00:00.000000+0800,0.007851949589287033,809585550.2255851,80.9585550225585
2025-02-05T00:00:00.000000+0800,0.023349622393807223,828489067.1188351,82.8489067118835
2025-02-06T00:00:00.000000+0800,0.015322149413397046,841183300.3925958,84.11833003925958
2025-02-07T00:00:00.000000+0800,0.007468051190826053,847465300.3407958,84.74653003407957
2025-02-10T00:00:00.000000+0800,0.021483895309269307,865672156.1315558,86.56721561315558
2025-02-11T00:00:00.000000+0800,-0.004937123927444942,861398225.4161959,86.13982254161958
2025-02-12T00:00:00.000000+0800,0.0057633743015448324,866362785.8119558,86.63627858119558
2025-02-13T00:00:00.000000+0800,-0.014676458700015882,853647648.1667559,85.36476481667559
2025-02-14T00:00:00.000000+0800,0.0005256838157565724,854096396.9197558,85.40963969197558
2025-02-17T00:00:00.000000+0800,0.019288376031573184,870570529.3907559,87.05705293907559
2025-02-18T00:00:00.000000+0800,-0.017375981897740367,855443511.6313559,85.54435116313559
2025-02-19T00:00:00.000000+0800,0.02041276858800334,872905482.0743958,87.29054820743957
2025-02-20T00:00:00.000000+0800,0.007908929771633266,879809230.2293959,87.98092302293958
2025-02-21T00:00:00.000000+0800,0.0039941304788582155,883323303.0914359,88.33233030914359
2025-02-24T00:00:00.000000+0800,0.008622426079040624,890939692.9762359,89.09396929762359
2025-02-25T00:00:00.000000+0800,0.000833039987477413,891681881.3669158,89.16818813669158
2025-02-26T00:00:00.000000+0800,0.009798173614615546,900418735.2495558,90.04187352495558
2025-02-27T00:00:00.000000+0800,-0.0023397084885136143,898312017.8914758,89.83120178914757
2025-02-28T00:00:00.000000+0800,-0.013682251750176233,886021086.7124758,88.60210867124758
2025-03-03T00:00:00.000000+0800,0.006400303458285794,891691890.5378758,89.16918905378758
2025-03-04T00:00:00.000000+0800,0.018332623602912212,908038942.3368758,90.80389423368757
2025-03-05T00:00:00.000000+0800,0.0015459019666133056,909442681.5235958,90.94426815235958
2025-03-06T00:00:00.000000+0800,0.012349907622923206,920674214.6287558,92.06742146287557
2025-03-07T00:00:00.000000+0800,0.003243760329579848,923660661.1226357,92.36606611226357
2025-03-10T00:00:00.000000+0800,0.02135610287984413,943386453.2276356,94.33864532276355
2025-03-11T00:00:00.000000+0800,0.01445539491090142,957023476.9626356,95.70234769626356
2025-03-12T00:00:00.000000+0800,0.023393399104789214,979411509.1118757,97.94115091118756
2025-03-13T00:00:00.000000+0800,-0.005348995918896926,974172640.9467156,97.41726409467155
2025-03-14T00:00:00.000000+0800,0.023690574445379475,997251350.4197156,99.72513504197155
2025-03-17T00:00:00.000000+0800,0.00008608574659119128,997337199.5467557,99.73371995467556
2025-03-18T00:00:00.000000+0800,0.0072825501678879245,1004600357.7367557,100.46003577367557
2025-03-19T00:00:00.000000+0800,-0.0017939723655486794,1002798132.4565557,100.27981324565557
2025-03-20T00:00:00.000000+0800,0.00604095269124616,1008855988.5335957,100.88559885335957
2025-03-21T00:00:00.000000+0800,-0.0033969555890542846,1005428949.5447956,100.54289495447956
2025-03-24T00:00:00.000000+0800,-0.030733263123992938,974528837.0859556,97.45288370859556
2025-03-25T00:00:00.000000+0800,-0.0018010216575305993,972773689.5444757,97.27736895444757
2025-03-26T00:00:00.000000+0800,0.021582391822903224,993768472.4672357,99.37684724672356
2025-03-27T00:00:00.000000+0800,-0.008348506705392,985471989.7112358,98.54719897112358
2025-03-28T00:00:00.000000+0800,-0.017687229501172852,968041720.4622357,96.80417204622357
2025-03-31T00:00:00.000000+0800,-0.009800758666712928,958554177.1806757,95.85541771806757
2025-04-01T00:00:00.000000+0800,0.022616218934815357,980233048.3126757,98.02330483126757
2025-04-02T00:00:00.000000+0800,0.004716954593562139,984856763.0926757,98.48567630926756
2025-04-03T00:00:00.000000+0800,0.0076979229069138455,992438114.5293157,99.24381145293157
2025-04-07T00:00:00.000000+0800,-0.12219323387686942,871168891.8923157,87.11688918923157
2025-04-08T00:00:00.000000+0800,0.000552202759392717,871649953.7583157,87.16499537583157
2025-04-09T00:00:00.000000+0800,-0.012586923335100364,860678562.615316,86.0678562615316
2025-04-10T00:00:00.000000+0800,0.0,860678562.615316,86.0678562615316
2025-04-11T00:00:00.000000+0800,0.013813520161200188,872567563.2923155,87.25675632923155
2025-04-14T00:00:00.000000+0800,0.03437953095805191,902566026.8475155,90.25660268475154
2025-04-15T00:00:00.000000+0800,0.016874153063477726,917796064.1344354,91.77960641344353
2025-04-16T00:00:00.000000+0800,-0.020486404616446352,898993722.6091955,89.89937226091955
2025-04-17T00:00:00.000000+0800,0.01352838244847998,911155653.5074354,91.11556535074354
2025-04-18T00:00:00.000000+0800,0.0032979003964830333,914160554.0983955,91.41605540983954
2025-04-21T00:00:00.000000+0800,0.010771121555021912,924007088.5473955,92.40070885473955
2025-04-22T00:00:00.000000+0800,0.014473328106718197,937380546.3128754,93.73805463128754
2025-04-23T00:00:00.000000+0800,0.008096829707906927,944970356.9678755,94.49703569678755
2025-04-24T00:00:00.000000+0800,-0.00027208592572691703,944713243.8335154,94.47132438335153
2025-04-25T00:00:00.000000+0800,0.008625813509518299,952862164.0947955,95.28621640947954
2025-04-28T00:00:00.000000+0800,-0.007152127325439794,946047172.5735954,94.60471725735954
2025-04-29T00:00:00.000000+0800,0.01870436348215332,963742382.7606754,96.37423827606754
2025-04-30T00:00:00.000000+0800,0.017385710239912644,980497728.5732754,98.04977285732754
2025-05-06T00:00:00.000000+0800,0.04473771745424493,1024362958.9187155,102.43629589187154
2025-05-07T00:00:00.000000+0800,0.018021254316581414,1042823264.3138754,104.28232643138755
2025-05-08T00:00:00.000000+0800,0.01913691579967791,1062779685.3169954,106.27796853169953
2025-05-09T00:00:00.000000+0800,0.0017358967586305063,1064624561.1278754,106.46245611278754
2025-05-12T00:00:00.000000+0800,0.013322539259937649,1078808063.6405954,107.88080636405954
2025-05-13T00:00:00.000000+0800,-0.003407437409685965,1075132092.6866755,107.51320926866755
2025-05-14T00:00:00.000000+0800,-0.003792516530513823,1071054636.4526755,107.10546364526755
2025-05-15T00:00:00.000000+0800,-0.0006534611628384868,1070354743.8444755,107.03547438444754
2025-05-16T00:00:00.000000+0800,0.005404594587471223,1076139577.2997315,107.61395772997315
2025-05-19T00:00:00.000000+0800,0.015975115242267135,1093331031.0638595,109.33310310638595
2025-05-20T00:00:00.000000+0800,0.015251110464927553,1110005543.3933475,111.00055433933474
2025-05-21T00:00:00.000000+0800,-0.008677495389075474,1100373475.4087036,110.03734754087036
2025-05-22T00:00:00.000000+0800,-0.014037822954740764,1084926627.3768234,108.49266273768234
2025-05-23T00:00:00.000000+0800,-0.01266692791092383,1071183939.9991995,107.11839399991995
2025-05-26T00:00:00.000000+0800,0.01469537595239867,1086925390.7116594,108.69253907116594
2025-05-27T00:00:00.000000+0800,0.0093730328914714,1097113178.1493752,109.71131781493752
2025-05-28T00:00:00.000000+0800,-0.007557073475013221,1088822213.2516952,108.88222132516951
2025-05-29T00:00:00.000000+0800,0.017330127259487016,1107691640.7703032,110.76916407703033
2025-05-30T00:00:00.000000+0800,-0.01453507078850913,1091591264.359867,109.1591264359867
2025-06-03T00:00:00.000000+0800,0.009152688548984544,1101582259.2253451,110.15822592253451
2025-06-04T00:00:00.000000+0800,0.014740431240946705,1117820056.773703,111.78200567737031
2025-06-05T00:00:00.000000+0800,0.009706353420255942,1128670013.304999,112.8670013304999
2025-06-06T00:00:00.000000+0800,0.010769414227750573,1140825128.2047215,114.08251282047215
2025-06-09T00:00:00.000000+0800,0.013018541322077581,1155677007.277519,115.5677007277519
2025-06-10T00:00:00.000000+0800,-0.008297653274660477,1146087600.1736329,114.60876001736328
2025-06-11T00:00:00.000000+0800,0.010806348562065526,1158472622.2637703,115.84726222637703
2025-06-12T00:00:00.000000+0800,0.0076473891678867645,1167331913.2465637,116.73319132465636
2025-06-13T00:00:00.000000+0800,0.007470956815996965,1176052999.5603638,117.60529995603638
2025-06-16T00:00:00.000000+0800,0.01992251190835348,1199482929.4489598,119.94829294489598
2025-06-17T00:00:00.000000+0800,0.004933572874877168,1205400665.8935673,120.54006658935673
2025-06-18T00:00:00.000000+0800,0.0011597744757554374,1206798658.8189292,120.67986588189291
2025-06-19T00:00:00.000000+0800,-0.0149115959539311,1188803364.8208754,118.88033648208753
2025-06-20T00:00:00.000000+0800,-0.0007805470462327602,1187875447.865913,118.78754478659128
2025-06-23T00:00:00.000000+0800,0.026309317521383324,1219127640.1996727,121.91276401996727
2025-06-24T00:00:00.000000+0800,0.02376357625347203,1248098472.840273,124.80984728402728
2025-06-25T00:00:00.000000+0800,0.00589156204646768,1255451722.4331129,125.54517224331128
2025-06-26T00:00:00.000000+0800,0.0065327637459329235,1263653291.930193,126.36532919301929
2025-06-27T00:00:00.000000+0800,0.009647246929874953,1275844067.2711928,127.58440672711927
2025-06-30T00:00:00.000000+0800,0.015744582141894448,1295931698.9885929,129.5931698988593
2025-07-01T00:00:00.000000+0800,0.0017344300800683499,1298179401.9090328,129.81794019090327
2025-07-02T00:00:00.000000+0800,0.005291672564468497,1305048942.233873,130.50489422338728
2025-07-03T00:00:00.000000+0800,0.0052750221767594585,1311933104.345913,131.1933104345913
2025-07-04T00:00:00.000000+0800,-0.010270818603268728,1298458477.411553,129.8458477411553
2025-07-07T00:00:00.000000+0800,0.013593185161858257,1316108663.9199927,131.61086639199925
2025-07-08T00:00:00.000000+0800,0.004891267653763798,1322546103.6566627,132.25461036566625
2025-07-09T00:00:00.000000+0800,0.0012179469898807582,1324156894.7025898,132.41568947025897
2025-07-10T00:00:00.000000+0800,0.0034008912025946803,1328660208.2366388,132.86602082366386
2025-07-11T00:00:00.000000+0800,-0.006139380685174833,1320503057.4170303,132.05030574170303
2025-07-14T00:00:00.000000+0800,0.015449701504139934,1340904435.4894276,134.09044354894274
2025-07-15T00:00:00.000000+0800,-0.015170368070788087,1320562421.6553006,132.05624216553005
2025-07-16T00:00:00.000000+0800,0.014038207351003695,1339100750.7504413,133.91007507504412
2025-07-17T00:00:00.000000+0800,0.014778295569581656,1358890377.44248,135.88903774424801
2025-07-18T00:00:00.000000+0800,-0.0007401527215035175,1357884591.0313911,135.7884591031391
2025-07-21T00:00:00.000000+0800,0.02514819855675765,1392032942.34381,139.203294234381
2025-07-22T00:00:00.000000+0800,-0.0022487722547999134,1388902577.2852998,138.89025772852997
2025-07-23T00:00:00.000000+0800,-0.0031887979044985526,1384473647.6572998,138.44736476572996
2025-07-24T00:00:00.000000+0800,0.008963638229589455,1396883568.5733,139.68835685732998
2025-07-25T00:00:00.000000+0800,0.008478488293119701,1408727029.5563,140.87270295563
2025-07-28T00:00:00.000000+0800,0.012390638412395516,1426182056.8013,142.61820568013
2025-07-29T00:00:00.000000+0800,-0.0066389308412952985,1416713732.7591,141.67137327590999
2025-07-30T00:00:00.000000+0800,-0.003220224900421509,1412151595.9201,141.21515959201
2025-07-31T00:00:00.000000+0800,-0.018818443231433002,1385577101.2781,138.55771012781
2025-08-01T00:00:00.000000+0800,0.01422582820217655,1405288083.081752,140.5288083081752
2025-08-04T00:00:00.000000+0800,0.013545309283762519,1424323144.79988,142.432314479988
2025-08-05T00:00:00.000000+0800,0.012417268611464305,1442009347.8783858,144.20093478783858
2025-08-06T00:00:00.000000+0800,0.008911292972147544,1454859515.6459055,145.48595156459055
2025-08-07T00:00:00.000000+0800,-0.0022054191551377222,1451650940.6020656,145.16509406020654
2025-08-08T00:00:00.000000+0800,0.0035639476617419508,1456824548.5774899,145.68245485774898
2025-08-11T00:00:00.000000+0800,0.017102736507251137,1481740234.9691057,148.17402349691056
2025-08-12T00:00:00.000000+0800,-0.005328754256694768,1473844405.3846982,147.38444053846982
2025-08-13T00:00:00.000000+0800,-0.00709314916447179,1463390207.1720822,146.3390207172082
2025-08-14T00:00:00.000000+0800,-0.030006927527574057,1419478363.2809079,141.94783632809077
2025-08-15T00:00:00.000000+0800,0.0033365466370312014,1424214519.0402513,142.42145190402513
2025-08-18T00:00:00.000000+0800,0.005800118851210012,1432475132.5203035,143.24751325203033
2025-08-19T00:00:00.000000+0800,0.023035233264359967,1465472531.3433037,146.54725313433036
2025-08-20T00:00:00.000000+0800,0.01018859003542949,1480403630.1733437,148.04036301733436
2025-08-21T00:00:00.000000+0800,0.0028154629710761547,1484571651.7763436,148.45716517763435
2025-08-22T00:00:00.000000+0800,-0.005107318667851191,1476989471.2654636,147.69894712654636
2025-08-25T00:00:00.000000+0800,-0.001990477746656727,1474049556.5908635,147.40495565908634
2025-08-26T00:00:00.000000+0800,0.019126735005358775,1502243311.8445435,150.22433118445434
2025-08-27T00:00:00.000000+0800,-0.042027184160652986,1439108255.5235436,143.91082555235434
2025-08-28T00:00:00.000000+0800,-0.007766922505724749,1427930813.2255435,142.79308132255434
2025-08-29T00:00:00.000000+0800,-0.01074971085631693,1412580969.8605435,141.25809698605434
2025-09-01T00:00:00.000000+0800,0.020966188919367745,1442197409.3385434,144.21974093385433
2025-09-02T00:00:00.000000+0800,-0.006445029230958799,1432902404.8785434,143.29024048785433
2025-09-03T00:00:00.000000+0800,-0.028073020419984274,1392676506.4065435,139.26765064065435
2025-09-04T00:00:00.000000+0800,0.015827005452166087,1414718405.0665436,141.47184050665436
2025-09-05T00:00:00.000000+0800,0.014934947346646021,1435847149.9565434,143.58471499565434
2025-09-08T00:00:00.000000+0800,0.020705116928985134,1465576533.0885437,146.55765330885436
2025-09-09T00:00:00.000000+0800,-0.0024207416663553083,1462028750.9096637,146.20287509096636
2025-09-10T00:00:00.000000+0800,0.003766130606921436,1467534942.1366637,146.75349421366636
2025-09-11T00:00:00.000000+0800,0.007900388205489328,1479129037.8846636,147.91290378846634
2025-09-12T00:00:00.000000+0800,-0.006191307499267662,1469971295.1800237,146.99712951800237
2025-09-15T00:00:00.000000+0800,-0.002547545179908739,1466226476.8923836,146.62264768923836
2025-09-16T00:00:00.000000+0800,0.028591758432880088,1508148470.1275835,150.81484701275835
2025-09-17T00:00:00.000000+0800,-0.005026202250179468,1500568210.8934236,150.05682108934235
2025-09-18T00:00:00.000000+0800,-0.02360958707634253,1465140415.0543437,146.51404150543436
2025-09-19T00:00:00.000000+0800,-0.00999407468550162,1450497692.3215437,145.04976923215438
2025-09-22T00:00:00.000000+0800,-0.0028763792097611374,1446325510.9155436,144.63255109155435
2025-09-23T00:00:00.000000+0800,-0.015161151988862587,1424397550.0191836,142.43975500191837
2025-09-24T00:00:00.000000+0800,0.02390059294930791,1458441496.0601835,145.84414960601833
2025-09-25T00:00:00.000000+0800,-0.009746972060518888,1444226107.5461836,144.42261075461835
2025-09-26T00:00:00.000000+0800,-0.000327296323539783,1443753417.6508236,144.37534176508234
2025-09-29T00:00:00.000000+0800,0.01685458742175694,1468087285.8440797,146.80872858440796
2025-09-30T00:00:00.000000+0800,0.008572935441486296,1480673103.3680878,148.06731033680876
2025-10-09T00:00:00.000000+0800,0.018200429035838628,1507621989.1112134,150.76219891112135
2025-10-10T00:00:00.000000+0800,0.012561909016471917,1526560599.3696609,152.65605993696607
2025-10-13T00:00:00.000000+0800,-0.0026712247587442617,1522482812.900901,152.2482812900901
2025-10-14T00:00:00.000000+0800,-0.0007843681022662308,1521288625.946213,152.1288625946213
2025-10-15T00:00:00.000000+0800,0.0036552022551208374,1526849243.5624611,152.6849243562461
2025-10-16T00:00:00.000000+0800,-0.010313825441287006,1511101586.9891968,151.11015869891966
2025-10-17T00:00:00.000000+0800,-0.009404944118386438,1496889761.0063584,149.68897610063584
2025-10-20T00:00:00.000000+0800,0.026246153524632998,1536177359.4831824,153.61773594831823
2025-10-21T00:00:00.000000+0800,0.03271453753587106,1586432691.3717504,158.64326913717503
2025-10-22T00:00:00.000000+0800,0.01674827851172278,1613002707.9269464,161.30027079269465
2025-10-23T00:00:00.000000+0800,0.00974900655212041,1628727881.8951142,162.87278818951143
2025-10-24T00:00:00.000000+0800,0.00637712237818322,1639114478.9187186,163.91144789187186
2025-10-27T00:00:00.000000+0800,0.0038234959973839633,1645381626.5681183,164.53816265681183
2025-10-28T00:00:00.000000+0800,0.007407658665800287,1657570052.0327144,165.75700520327143
2025-10-29T00:00:00.000000+0800,-0.013043987216813768,1635948729.4630263,163.59487294630262
2025-10-30T00:00:00.000000+0800,-0.00630791286166732,1625629307.4314182,162.5629307431418
2025-10-31T00:00:00.000000+0800,0.022871217639122587,1662809429.1222181,166.2809429122218
2025-11-03T00:00:00.000000+0800,0.015686793541343835,1688893577.335458,168.8893577335458
2025-11-04T00:00:00.000000+0800,0.007319871162885461,1701256060.7293782,170.1256060729378
2025-11-05T00:00:00.000000+0800,0.015327054234799187,1727331304.6394582,172.7331304639458
2025-11-06T00:00:00.000000+0800,-0.003222131301071962,1721765616.375458,172.1765616375458
2025-11-07T00:00:00.000000+0800,0.004256851901259351,1729094917.613049,172.9094917613049
2025-11-10T00:00:00.000000+0800,0.007582849605437314,1742206384.3268347,174.22063843268347
2025-11-11T00:00:00.000000+0800,0.008463106456664704,1756950862.4268737,175.69508624268735
2025-11-12T00:00:00.000000+0800,-0.003955643819575916,1750000990.6066163,175.00009906066163
2025-11-13T00:00:00.000000+0800,0.017259208952044025,1780204623.3697798,178.02046233697797
2025-11-14T00:00:00.000000+0800,0.004057391514469488,1787427610.5026598,178.74276105026598
2025-11-17T00:00:00.000000+0800,0.008290750477348174,1802246726.8176599,180.22467268176598
2025-11-18T00:00:00.000000+0800,-0.009604599069831687,1784936869.5816598,178.49368695816597
2025-11-19T00:00:00.000000+0800,-0.01628545523339031,1755868360.0976598,175.586836009766
2025-11-20T00:00:00.000000+0800,-0.0024935857334752454,1751489951.8050597,175.14899518050595
2025-11-21T00:00:00.000000+0800,-0.0515266752362874,1661241497.8787796,166.12414978787797
2025-11-24T00:00:00.000000+0800,0.01827459763963546,1691600017.8347797,169.16000178347795
2025-11-25T00:00:00.000000+0800,0.020665538879211853,1726557843.7714198,172.65578437714197
2025-11-26T00:00:00.000000+0800,-0.007455665154340707,1713685206.6186595,171.36852066186594
2025-11-27T00:00:00.000000+0800,0.011251713931945462,1732967102.3329396,173.29671023329396
2025-11-28T00:00:00.000000+0800,0.020110662128186352,1767818218.2072196,176.78182182072194
2025-12-01T00:00:00.000000+0800,-0.00036201659107737427,1767178238.6822197,176.71782386822196
2025-12-02T00:00:00.000000+0800,0.0015367977601539184,1769894034.2412195,176.98940342412195
2025-12-03T00:00:00.000000+0800,-0.007004319909646228,1757497130.2192197,175.74971302192196
2025-12-04T00:00:00.000000+0800,-0.0216482546063983,1719450384.8742197,171.94503848742195
2025-12-05T00:00:00.000000+0800,0.015687237788750252,1746423811.9276996,174.64238119276996
2025-12-08T00:00:00.000000+0800,0.007217625863728205,1759028845.6016996,175.90288456016995
2025-12-09T00:00:00.000000+0800,-0.00045469123736074923,1758229030.5993397,175.82290305993396
2025-12-10T00:00:00.000000+0800,-0.0036852240539967385,1751749562.6833396,175.17495626833394
2025-12-11T00:00:00.000000+0800,-0.02447988034293669,1708866942.9980597,170.88669429980598
2025-12-12T00:00:00.000000+0800,-0.013985840497370505,1684967002.5020597,168.49670025020598
2025-12-15T00:00:00.000000+0800,0.012301793177089015,1705695118.0770597,170.56951180770596
2025-12-16T00:00:00.000000+0800,-0.020107524353276895,1671397811.9510598,167.13978119510597
2025-12-17T00:00:00.000000+0800,0.007780715679422512,1684402483.1130598,168.44024831130596
2025-12-18T00:00:00.000000+0800,0.020721719844898345,1719306199.4741797,171.93061994741797
2025-12-19T00:00:00.000000+0800,0.0245662208408004,1761543055.2634196,176.15430552634194
2025-12-22T00:00:00.000000+0800,-0.005654739367985773,1751581988.4004197,175.15819884004196
2025-12-23T00:00:00.000000+0800,-0.007450652138138336,1738531560.3134196,173.85315603134194
2025-12-24T00:00:00.000000+0800,0.008523858531304773,1753350557.3857396,175.33505573857394
2025-12-25T00:00:00.000000+0800,0.009179795480168229,1769445956.9075797,176.94459569075795
2025-12-26T00:00:00.000000+0800,-0.009597310514461221,1752464034.6205797,175.24640346205797
2025-12-29T00:00:00.000000+0800,0.0016866685059473419,1755419860.5155797,175.54198605155796
2025-12-30T00:00:00.000000+0800,-0.0061026825245406036,1744707090.4095798,174.47070904095796
2025-12-31T00:00:00.000000+0800,0.0033954238687075033,1750631110.5082598,175.06311105082597
2026-01-05T00:00:00.000000+0800,0.019542973386361684,1784843647.7102597,178.48436477102595
2026-01-06T00:00:00.000000+0800,-0.0013545218849065899,1782426037.9282997,178.24260379282995
2026-01-07T00:00:00.000000+0800,-0.004984807158296967,1773540987.8552997,177.35409878552997
2026-01-08T00:00:00.000000+0800,0.015039452636081974,1800214073.5402997,180.02140735402995
2026-01-09T00:00:00.000000+0800,0.013620364774718174,1824733645.8944998,182.47336458944997
2026-01-12T00:00:00.000000+0800,0.014942812608901956,1852000298.8262596,185.20002988262596
2026-01-14T00:00:00.000000+0800,-0.0029890452233879428,1846464586.17934,184.64645861793397
2026-01-15T00:00:00.000000+0800,-0.0016526106282245268,1843413099.1795797,184.34130991795797
2026-01-16T00:00:00.000000+0800,0.004645049788878586,1851975844.8067398,185.19758448067398
2026-01-19T00:00:00.000000+0800,0.026190736676795723,1900480456.4898596,190.04804564898595
2026-01-20T00:00:00.000000+0800,0.0024900516919288407,1905212751.0660198,190.52127510660196
2026-01-21T00:00:00.000000+0800,0.006407596310789687,1917420585.2610197,191.74205852610197
2026-01-22T00:00:00.000000+0800,0.0183600399237851,1952624503.7570996,195.26245037570996
2026-01-23T00:00:00.000000+0800,0.019094175393221446,1989908258.5089397,198.99082585089397
2026-01-26T00:00:00.000000+0800,-0.004262744593319101,1981425787.8387797,198.14257878387795
2026-01-27T00:00:00.000000+0800,-0.004203226499259416,1973097406.4610198,197.30974064610197
2026-01-28T00:00:00.000000+0800,-0.008116389931262402,1957082978.5378196,195.70829785378194
2026-01-29T00:00:00.000000+0800,0.0019383865254984922,1960876561.8126998,196.08765618126998
2026-01-30T00:00:00.000000+0800,0.0070331994469099435,1974667797.7626996,197.46677977626996
2026-02-02T00:00:00.000000+0800,-0.013825698260786945,1947366636.6255398,194.73666366255398
2026-02-03T00:00:00.000000+0800,0.027720286223728685,2001348197.1753397,200.13481971753396
2026-02-04T00:00:00.000000+0800,0.01621773244488378,2033805526.7661798,203.38055267661798
2026-02-05T00:00:00.000000+0800,0.00464910389737927,2043260899.9671798,204.32608999671797
2026-02-06T00:00:00.000000+0800,0.013090038911031554,2070007264.6531396,207.00072646531396
2026-02-09T00:00:00.000000+0800,0.01859616319986701,2108501457.5715396,210.85014575715397
2026-02-10T00:00:00.000000+0800,0.004852553287406414,2118733073.2509794,211.87330732509793
2026-02-11T00:00:00.000000+0800,-0.003710610843609796,2110871279.3346596,211.08712793346595
2026-02-12T00:00:00.000000+0800,-0.006785212444367694,2096548569.2616596,209.65485692616596
2026-02-13T00:00:00.000000+0800,0.0070218712747229795,2111270263.4362197,211.12702634362196
2026-02-24T00:00:00.000000+0800,0.020939708645205002,2155479647.6238594,215.54796476238593
2026-02-25T00:00:00.000000+0800,0.004963112753633814,2166177536.1531796,216.61775361531795
2026-02-26T00:00:00.000000+0800,0.00582862998434619,2178803383.4918194,217.88033834918193
2026-02-27T00:00:00.000000+0800,0.006073731263328552,2192036849.7187796,219.20368497187795
2026-03-02T00:00:00.000000+0800,-0.002311976659776671,2186968911.6848593,218.6968911684859
2026-03-03T00:00:00.000000+0800,-0.013358554448427151,2157754168.4010997,215.77541684010995
2026-03-04T00:00:00.000000+0800,-0.011188704598304455,2133611694.4150996,213.36116944150996
2026-03-05T00:00:00.000000+0800,0.010915510824186958,2156901155.9600997,215.69011559600995
2026-03-06T00:00:00.000000+0800,0.029755696802634235,2221081252.7900996,222.10812527900995
2026-03-09T00:00:00.000000+0800,-0.010285583908423934,2198236135.1970997,219.82361351970997
2026-03-10T00:00:00.000000+0800,0.02950557403514975,2263096354.2308993,226.30963542308993
2026-03-11T00:00:00.000000+0800,-0.007973117193771362,2245052421.7778196,224.50524217778195
2026-03-12T00:00:00.000000+0800,-0.006241032177299877,2231040977.3737793,223.1040977373779
2026-03-13T00:00:00.000000+0800,-0.0071250523559238665,2215144693.6017795,221.51446936017794
2026-03-16T00:00:00.000000+0800,0.0013557335013256733,2218147839.4731793,221.81478394731792
2026-03-17T00:00:00.000000+0800,-0.019456656879755174,2174990098.0519795,217.49900980519794
2026-03-18T00:00:00.000000+0800,0.019390274121143136,2217163752.2639794,221.71637522639793
2026-03-19T00:00:00.000000+0800,-0.026407997452697396,2158612897.5419793,215.8612897541979
2026-03-20T00:00:00.000000+0800,-0.024418751184624887,2105902266.2929795,210.59022662929794
2026-03-23T00:00:00.000000+0800,-0.049904480676587704,2000808307.3379793,200.0808307337979
2026-03-24T00:00:00.000000+0800,0.02547864277554157,2051786187.4629796,205.17861874629796
2026-03-25T00:00:00.000000+0800,0.0,2051786187.4629796,205.17861874629796
2026-03-26T00:00:00.000000+0800,-0.007163731680138619,2037087741.7509801,203.708774175098
2026-03-27T00:00:00.000000+0800,0.019275495044297264,2076353616.4219,207.63536164219
2026-03-30T00:00:00.000000+0800,0.018365439511075943,2114486763.1679,211.44867631679
2026-03-31T00:00:00.000000+0800,-0.008849250984823698,2095775139.09654,209.577513909654
2026-04-01T00:00:00.000000+0800,0.0028060467678299172,2101655982.1517,210.16559821516998
2026-04-02T00:00:00.000000+0800,-0.009551064872876491,2081582929.5257,208.15829295257
2026-04-03T00:00:00.000000+0800,-0.02838917156015741,2022488514.6227,202.24885146226998
2026-04-07T00:00:00.000000+0800,0.028201989859329757,2079526715.2027001,207.95267152027
2026-04-08T00:00:00.000000+0800,0.03434748648018093,2150953230.9383,215.09532309383
2026-04-09T00:00:00.000000+0800,-0.002517156715266311,2145538944.56882,214.55389445688198
2026-04-10T00:00:00.000000+0800,0.005893835998871166,2158184399.2373,215.81843992372998
2026-04-13T00:00:00.000000+0800,0.0007250652282322356,2159749223.7013,215.97492237013
2026-04-14T00:00:00.000000+0800,0.008255544155558958,2177579128.7825003,217.75791287825
2026-04-15T00:00:00.000000+0800,-0.007522239973524414,2161198856.01446,216.119885601446
2026-04-16T00:00:00.000000+0800,0.028013578633059977,2221741770.1091003,222.17417701091003
2026-04-17T00:00:00.000000+0800,-0.0023138446934757306,2216601004.70406,221.660100470406
2026-04-20T00:00:00.000000+0800,0.013006946748564285,2245432215.93506,224.543221593506
2026-04-21T00:00:00.000000+0800,0.004336514845087569,2255169566.0731,225.51695660731
2026-04-22T00:00:00.000000+0800,0.010880539867202499,2279707028.4440603,227.97070284440602
2026-04-23T00:00:00.000000+0800,-0.010037899313833476,2256823558.8275003,225.68235588275002
2026-04-24T00:00:00.000000+0800,0.0087276913089267,2276520418.18766,227.652041818766
2026-04-27T00:00:00.000000+0800,0.019446681351992234,2320791185.35146,232.079118535146
2026-04-28T00:00:00.000000+0800,0.0016747457530401633,2324677920.53282,232.467792053282
2026-04-29T00:00:00.000000+0800,0.015517624811600461,2360751400.31146,236.075140031146
2026-04-30T00:00:00.000000+0800,0.007602363278908619,2378698690.06782,237.86986900678198
2026-05-06T00:00:00.000000+0800,0.005913735589276881,2392765685.1674404,239.27656851674402
2026-05-07T00:00:00.000000+0800,0.005683673855420013,2406365384.934373,240.63653849343729
2026-05-08T00:00:00.000000+0800,0.014786589185723509,2441947321.312143,244.19473213121427
2026-05-11T00:00:00.000000+0800,0.0017366517195511744,2446188133.326753,244.6188133326753
2026-05-12T00:00:00.000000+0800,-0.020613877806697323,2395762710.0541625,239.57627100541623
2026-05-13T00:00:00.000000+0800,0.005703891309094322,2409427880.1546926,240.94278801546926
2026-05-14T00:00:00.000000+0800,-0.010375696596810036,2384428387.4983125,238.44283874983122
2026-05-15T00:00:00.000000+0800,-0.010874321823631794,2358499345.8472524,235.84993458472522
